/* SPDX-License-Identifier: (LGPL-2.1 OR BSD-2-Clause) */

/* THIS FILE IS AUTOGENERATED BY BPFTOOL! */
#ifndef __HELLO_WORLD_BPF_SKEL_H__
#define __HELLO_WORLD_BPF_SKEL_H__

#include <errno.h>
#include <stdlib.h>
#include "../../deps/libbpf/src/libbpf.h"

struct hello_world_bpf {
	struct bpf_object_skeleton *skeleton;
	struct bpf_object *obj;
	struct {
		struct bpf_map *rodata_str1_1;
		struct bpf_map *rodata;
	} maps;
	struct {
		struct bpf_program *bpf_prog_hello_world;
	} progs;
	struct {
		struct bpf_link *bpf_prog_hello_world;
	} links;

#ifdef __cplusplus
	static inline struct hello_world_bpf *open(const struct bpf_object_open_opts *opts = nullptr);
	static inline struct hello_world_bpf *open_and_load();
	static inline int load(struct hello_world_bpf *skel);
	static inline int attach(struct hello_world_bpf *skel);
	static inline void detach(struct hello_world_bpf *skel);
	static inline void destroy(struct hello_world_bpf *skel);
	static inline const void *elf_bytes(size_t *sz);
#endif /* __cplusplus */
};

static void
hello_world_bpf__destroy(struct hello_world_bpf *obj)
{
	if (!obj)
		return;
	if (obj->skeleton)
		bpf_object__destroy_skeleton(obj->skeleton);
	free(obj);
}

static inline int
hello_world_bpf__create_skeleton(struct hello_world_bpf *obj);

static inline struct hello_world_bpf *
hello_world_bpf__open_opts(const struct bpf_object_open_opts *opts)
{
	struct hello_world_bpf *obj;
	int err;

	obj = (struct hello_world_bpf *)calloc(1, sizeof(*obj));
	if (!obj) {
		errno = ENOMEM;
		return NULL;
	}

	err = hello_world_bpf__create_skeleton(obj);
	if (err)
		goto err_out;

	err = bpf_object__open_skeleton(obj->skeleton, opts);
	if (err)
		goto err_out;

	return obj;
err_out:
	hello_world_bpf__destroy(obj);
	errno = -err;
	return NULL;
}

static inline struct hello_world_bpf *
hello_world_bpf__open(void)
{
	return hello_world_bpf__open_opts(NULL);
}

static inline int
hello_world_bpf__load(struct hello_world_bpf *obj)
{
	return bpf_object__load_skeleton(obj->skeleton);
}

static inline struct hello_world_bpf *
hello_world_bpf__open_and_load(void)
{
	struct hello_world_bpf *obj;
	int err;

	obj = hello_world_bpf__open();
	if (!obj)
		return NULL;
	err = hello_world_bpf__load(obj);
	if (err) {
		hello_world_bpf__destroy(obj);
		errno = -err;
		return NULL;
	}
	return obj;
}

static inline int
hello_world_bpf__attach(struct hello_world_bpf *obj)
{
	return bpf_object__attach_skeleton(obj->skeleton);
}

static inline void
hello_world_bpf__detach(struct hello_world_bpf *obj)
{
	bpf_object__detach_skeleton(obj->skeleton);
}

static inline const void *hello_world_bpf__elf_bytes(size_t *sz);

static inline int
hello_world_bpf__create_skeleton(struct hello_world_bpf *obj)
{
	struct bpf_object_skeleton *s;
	int err;

	s = (struct bpf_object_skeleton *)calloc(1, sizeof(*s));
	if (!s)	{
		err = -ENOMEM;
		goto err;
	}

	s->sz = sizeof(*s);
	s->name = "hello_world_bpf";
	s->obj = &obj->obj;

	/* maps */
	s->map_cnt = 2;
	s->map_skel_sz = sizeof(*s->maps);
	s->maps = (struct bpf_map_skeleton *)calloc(s->map_cnt, s->map_skel_sz);
	if (!s->maps) {
		err = -ENOMEM;
		goto err;
	}

	s->maps[0].name = ".rodata.str1.1";
	s->maps[0].map = &obj->maps.rodata_str1_1;

	s->maps[1].name = "hello_wo.rodata";
	s->maps[1].map = &obj->maps.rodata;

	/* programs */
	s->prog_cnt = 1;
	s->prog_skel_sz = sizeof(*s->progs);
	s->progs = (struct bpf_prog_skeleton *)calloc(s->prog_cnt, s->prog_skel_sz);
	if (!s->progs) {
		err = -ENOMEM;
		goto err;
	}

	s->progs[0].name = "bpf_prog_hello_world";
	s->progs[0].prog = &obj->progs.bpf_prog_hello_world;
	s->progs[0].link = &obj->links.bpf_prog_hello_world;

	s->data = hello_world_bpf__elf_bytes(&s->data_sz);

	obj->skeleton = s;
	return 0;
err:
	bpf_object__destroy_skeleton(s);
	return err;
}

static inline const void *hello_world_bpf__elf_bytes(size_t *sz)
{
	static const char data[] __attribute__((__aligned__(8))) = "\
\x7f\x45\x4c\x46\x02\x01\x01\0\0\0\0\0\0\0\0\0\x01\0\xf7\0\x01\0\0\0\0\0\0\0\0\
\0\0\0\0\0\0\0\0\0\0\0\x88\x77\0\0\0\0\0\0\0\0\0\0\x40\0\0\0\0\0\x40\0\x0e\0\
\x01\0\xb4\x01\0\0\x0a\0\0\0\x6b\x1a\xf8\xff\0\0\0\0\x18\x01\0\0\x28\x43\x4f\
\x2d\0\0\0\0\x52\x45\x29\x21\x7b\x1a\xf0\xff\0\0\0\0\x18\x01\0\0\x6f\x6d\x20\
\x65\0\0\0\0\x42\x50\x46\x20\x7b\x1a\xe8\xff\0\0\0\0\x18\x01\0\0\x48\x65\x6c\
\x6c\0\0\0\0\x6f\x20\x66\x72\x7b\x1a\xe0\xff\0\0\0\0\x85\0\0\0\x23\0\0\0\xb7\
\x01\0\0\xb8\x09\0\0\x0f\x10\0\0\0\0\0\0\xbf\xa1\0\0\0\0\0\0\x07\x01\0\0\xdc\
\xff\xff\xff\xb4\x02\0\0\x04\0\0\0\xbf\x03\0\0\0\0\0\0\x85\0\0\0\x71\0\0\0\x61\
\xa4\xdc\xff\0\0\0\0\xbf\xa3\0\0\0\0\0\0\x07\x03\0\0\xe0\xff\xff\xff\x18\x01\0\
\0\0\0\0\0\0\0\0\0\0\0\0\0\xb4\x02\0\0\x0c\0\0\0\x85\0\0\0\x06\0\0\0\xb4\0\0\0\
\0\0\0\0\x95\0\0\0\0\0\0\0\x44\x75\x61\x6c\x20\x42\x53\x44\x2f\x47\x50\x4c\0\
\x48\x65\x6c\x6c\x6f\x20\x66\x72\x6f\x6d\x20\x65\x42\x50\x46\x20\x28\x43\x4f\
\x2d\x52\x45\x29\x21\x0a\0\x25\x73\x20\x50\x49\x44\x3a\x20\x25\x64\x0a\0\0\x9f\
\xeb\x01\0\x18\0\0\0\0\0\0\0\xb0\x44\0\0\xb0\x44\0\0\x99\x2e\0\0\0\0\0\0\0\0\0\
\x02\x02\0\0\0\x01\0\0\0\x15\0\0\x04\xa8\0\0\0\x09\0\0\0\x03\0\0\0\0\0\0\0\x0d\
\0\0\0\x03\0\0\0\x40\0\0\0\x11\0\0\0\x03\0\0\0\x80\0\0\0\x15\0\0\0\x03\0\0\0\
\xc0\0\0\0\x19\0\0\0\x03\0\0\0\0\x01\0\0\x1c\0\0\0\x03\0\0\0\x40\x01\0\0\x1f\0\
\0\0\x03\0\0\0\x80\x01\0\0\x23\0\0\0\x03\0\0\0\xc0\x01\0\0\x27\0\0\0\x03\0\0\0\
\0\x02\0\0\x2a\0\0\0\x03\0\0\0\x40\x02\0\0\x2d\0\0\0\x03\0\0\0\x80\x02\0\0\x30\
\0\0\0\x03\0\0\0\xc0\x02\0\0\x33\0\0\0\x03\0\0\0\0\x03\0\0\x36\0\0\0\x03\0\0\0\
\x40\x03\0\0\x39\0\0\0\x03\0\0\0\x80\x03\0\0\x3c\0\0\0\x03\0\0\0\xc0\x03\0\0\
\x44\0\0\0\x03\0\0\0\0\x04\0\0\0\0\0\0\x04\0\0\0\x40\x04\0\0\x47\0\0\0\x03\0\0\
\0\x80\x04\0\0\x4d\0\0\0\x03\0\0\0\xc0\x04\0\0\0\0\0\0\x0c\0\0\0\0\x05\0\0\x50\
\0\0\0\0\0\0\x01\x08\0\0\0\x40\0\0\0\0\0\0\0\x03\0\0\x05\x08\0\0\0\x5e\0\0\0\
\x05\0\0\0\0\0\0\0\x61\0\0\0\x08\0\0\0\0\0\0\0\x65\0\0\0\x0b\0\0\0\0\0\0\0\x6d\
\0\0\0\0\0\0\x08\x06\0\0\0\x71\0\0\0\0\0\0\x08\x07\0\0\0\x77\0\0\0\0\0\0\x01\
\x02\0\0\0\x10\0\0\0\x86\0\0\0\0\0\0\x08\x09\0\0\0\x8a\0\0\0\0\0\0\x08\x0a\0\0\
\0\x90\0\0\0\0\0\0\x01\x08\0\0\0\x40\0\0\0\x65\0\0\0\x03\0\0\x84\x08\0\0\0\x5e\
\0\0\0\x08\0\0\0\0\0\0\x10\xa3\0\0\0\x08\0\0\0\x10\0\0\x02\xa6\0\0\0\x08\0\0\0\
\x12\0\0\x01\0\0\0\0\x03\0\0\x05\x08\0\0\0\xaa\0\0\0\x05\0\0\0\0\0\0\0\xad\0\0\
\0\x08\0\0\0\0\0\0\0\xb1\0\0\0\x0d\0\0\0\0\0\0\0\xb1\0\0\0\x0a\0\0\x84\x08\0\0\
\0\xaa\0\0\0\x08\0\0\0\0\0\0\x10\xb9\0\0\0\x08\0\0\0\x10\0\0\x01\xbd\0\0\0\x08\
\0\0\0\x11\0\0\x01\xc5\0\0\0\x08\0\0\0\x12\0\0\x01\xc9\0\0\0\x08\0\0\0\x20\0\0\
\x08\xd0\0\0\0\x08\0\0\0\x30\0\0\x04\xd5\0\0\0\x08\0\0\0\x38\0\0\x01\xdd\0\0\0\
\x08\0\0\0\x39\0\0\x01\xe0\0\0\0\x08\0\0\0\x3a\0\0\x01\xe7\0\0\0\x08\0\0\0\x3c\
\0\0\x04\0\0\0\0\x01\0\0\x0d\x0f\0\0\0\xef\0\0\0\x01\0\0\0\xf3\0\0\0\0\0\0\x01\
\x04\0\0\0\x20\0\0\x01\xf7\0\0\0\x01\0\0\x0c\x0e\0\0\0\x04\x02\0\0\x0e\x01\0\
\x84\x80\x35\0\0\x10\x02\0\0\x12\0\0\0\0\0\0\0\x1c\x02\0\0\x15\0\0\0\xc0\0\0\0\
\x24\x02\0\0\x15\0\0\0\xe0\0\0\0\x30\x02\0\0\x16\0\0\0\0\x01\0\0\x36\x02\0\0\
\x17\0\0\0\x40\x01\0\0\x47\0\0\0\x15\0\0\0\x60\x01\0\0\x3c\x02\0\0\x15\0\0\0\
\x80\x01\0\0\x43\x02\0\0\x0f\0\0\0\xa0\x01\0\0\x4a\x02\0\0\x1b\0\0\0\xc0\x01\0\
\0\x55\x02\0\0\x15\0\0\0\x40\x02\0\0\x61\x02\0\0\x03\0\0\0\x80\x02\0\0\x75\x02\
\0\0\x1f\0\0\0\xc0\x02\0\0\x80\x02\0\0\x0f\0\0\0\0\x03\0\0\x90\x02\0\0\x0f\0\0\
\0\x20\x03\0\0\x99\x02\0\0\x0f\0\0\0\x40\x03\0\0\x9f\x02\0\0\x0f\0\0\0\x60\x03\
\0\0\xa4\x02\0\0\x0f\0\0\0\x80\x03\0\0\xb0\x02\0\0\x0f\0\0\0\xa0\x03\0\0\xbc\
\x02\0\0\x15\0\0\0\xc0\x03\0\0\xc8\x02\0\0\x20\0\0\0\0\x04\0\0\xcb\x02\0\0\x2c\
\0\0\0\0\x0c\0\0\xce\x02\0\0\x2e\0\0\0\x80\x0d\0\0\xd1\x02\0\0\x40\0\0\0\x40\
\x15\0\0\xdb\x02\0\0\x44\0\0\0\x80\x15\0\0\xe7\x02\0\0\x22\0\0\0\xc0\x15\0\0\
\xf1\x02\0\0\x03\0\0\0\x80\x16\0\0\xfd\x02\0\0\x15\0\0\0\xc0\x16\0\0\x0d\x03\0\
\0\x46\0\0\0\0\x17\0\0\x1e\x03\0\0\x48\0\0\0\x40\x17\0\0\x29\x03\0\0\x48\0\0\0\
\x80\x17\0\0\x30\x03\0\0\x4a\0\0\0\0\x18\0\0\x36\x03\0\0\x4b\0\0\0\0\x20\0\0\
\x48\x03\0\0\x15\0\0\0\x40\x20\0\0\x53\x03\0\0\x15\0\0\0\x60\x20\0\0\x5a\x03\0\
\0\x0f\0\0\0\x80\x20\0\0\x6a\x03\0\0\x4d\0\0\0\xc0\x20\0\0\x73\x03\0\0\x50\0\0\
\0\0\x21\0\0\x81\x03\0\0\x4f\0\0\0\x40\x21\0\0\x8b\x03\0\0\x16\0\0\0\x40\x41\0\
\0\x9d\x03\0\0\x07\0\0\0\x80\x41\0\0\xb0\x03\0\0\x07\0\0\0\x90\x41\0\0\xc0\x03\
\0\0\x0f\0\0\0\xa0\x41\0\0\xd6\x03\0\0\x53\0\0\0\xc0\x41\0\0\xee\x03\0\0\x24\0\
\0\0\0\x42\0\0\xfd\x03\0\0\x55\0\0\0\x80\x42\0\0\x0e\x04\0\0\x03\0\0\0\xc0\x42\
\0\0\x1e\x04\0\0\x37\0\0\0\0\x43\0\0\x30\x04\0\0\x37\0\0\0\x08\x43\0\0\x3e\x04\
\0\0\x0f\0\0\0\x20\x43\0\0\x51\x04\0\0\x24\0\0\0\x40\x43\0\0\x68\x04\0\0\x0f\0\
\0\0\xc0\x43\0\0\x7b\x04\0\0\x24\0\0\0\0\x44\0\0\x8f\x04\0\0\x0f\0\0\0\x80\x44\
\0\0\xa2\x04\0\0\x0f\0\0\0\xa0\x44\0\0\xb1\x04\0\0\x53\0\0\0\xc0\x44\0\0\xc4\
\x04\0\0\x24\0\0\0\0\x45\0\0\xd5\x04\0\0\x24\0\0\0\x80\x45\0\0\xe3\x04\0\0\x0f\
\0\0\0\0\x46\0\0\xf0\x04\0\0\x56\0\0\0\x40\x46\0\0\xfb\x04\0\0\x24\0\0\0\x40\
\x47\0\0\x01\x05\0\0\x57\0\0\0\xc0\x47\0\0\x10\x05\0\0\x22\0\0\0\0\x49\0\0\x22\
\x05\0\0\x58\0\0\0\xc0\x49\0\0\x25\x05\0\0\x58\0\0\0\0\x4a\0\0\x2f\x05\0\0\x59\
\0\0\0\x40\x4a\0\0\x47\x05\0\0\x0f\0\0\0\x80\x4a\0\0\x52\x05\0\0\x0f\0\0\0\xa0\
\x4a\0\0\x5c\x05\0\0\x0f\0\0\0\xc0\x4a\0\0\x68\x05\0\0\x0f\0\0\0\xe0\x4a\0\0\
\x76\x05\0\0\x03\0\0\0\0\x4b\0\0\x7d\x05\0\0\x15\0\0\0\x40\x4b\0\0\x89\x05\0\0\
\x15\0\0\0\x60\x4b\0\x01\x9d\x05\0\0\x15\0\0\0\x61\x4b\0\x01\xb7\x05\0\0\x15\0\
\0\0\x62\x4b\0\x01\xc6\x05\0\0\x15\0\0\0\x80\x4b\0\x01\xda\x05\0\0\x15\0\0\0\
\x81\x4b\0\x01\xe9\x05\0\0\x15\0\0\0\x82\x4b\0\x01\xf3\x05\0\0\x15\0\0\0\x83\
\x4b\0\x01\xfd\x05\0\0\x15\0\0\0\x84\x4b\0\x01\x0d\x06\0\0\x15\0\0\0\x85\x4b\0\
\x01\x1b\x06\0\0\x15\0\0\0\x86\x4b\0\x01\x28\x06\0\0\x15\0\0\0\x87\x4b\0\x01\
\x3c\x06\0\0\x15\0\0\0\x88\x4b\0\x01\x43\x06\0\0\x15\0\0\0\x89\x4b\0\x01\x50\
\x06\0\0\x15\0\0\0\x8a\x4b\0\x01\x5c\x06\0\0\x15\0\0\0\x8b\x4b\0\x01\x67\x06\0\
\0\x15\0\0\0\x8c\x4b\0\x01\x77\x06\0\0\x15\0\0\0\x8d\x4b\0\x01\x8b\x06\0\0\x15\
\0\0\0\x8e\x4b\0\x01\x98\x06\0\0\x03\0\0\0\xc0\x4b\0\0\xa5\x06\0\0\x5a\0\0\0\0\
\x4c\0\0\xb3\x06\0\0\x6b\0\0\0\xc0\x4d\0\0\xb7\x06\0\0\x6b\0\0\0\xe0\x4d\0\0\
\xbc\x06\0\0\x03\0\0\0\0\x4e\0\0\xc9\x06\0\0\x1f\0\0\0\x40\x4e\0\0\xd5\x06\0\0\
\x1f\0\0\0\x80\x4e\0\0\xdc\x06\0\0\x24\0\0\0\xc0\x4e\0\0\xe5\x06\0\0\x24\0\0\0\
\x40\x4f\0\0\xed\x06\0\0\x1f\0\0\0\xc0\x4f\0\0\xfa\x06\0\0\x24\0\0\0\0\x50\0\0\
\x02\x07\0\0\x24\0\0\0\x80\x50\0\0\x0f\x07\0\0\x6d\0\0\0\0\x51\0\0\x1a\x07\0\0\
\x70\0\0\0\x40\x51\0\0\x24\x07\0\0\x24\0\0\0\x40\x53\0\0\x30\x07\0\0\x71\0\0\0\
\xc0\x53\0\0\x3b\x07\0\0\x72\0\0\0\0\x54\0\0\x49\x07\0\0\x72\0\0\0\x40\x54\0\0\
\x59\x07\0\0\x16\0\0\0\x80\x54\0\0\x68\x07\0\0\x08\0\0\0\xc0\x54\0\0\x6e\x07\0\
\0\x08\0\0\0\0\x55\0\0\x74\x07\0\0\x08\0\0\0\x40\x55\0\0\x7a\x07\0\0\x73\0\0\0\
\x80\x55\0\0\x87\x07\0\0\x7b\0\0\0\x40\x56\0\0\x8d\x07\0\0\x19\0\0\0\xc0\x57\0\
\0\x9b\x07\0\0\x03\0\0\0\0\x58\0\0\xa1\x07\0\0\x03\0\0\0\x40\x58\0\0\xa8\x07\0\
\0\x08\0\0\0\x80\x58\0\0\xb3\x07\0\0\x08\0\0\0\xc0\x58\0\0\xc2\x07\0\0\x03\0\0\
\0\0\x59\0\0\xca\x07\0\0\x03\0\0\0\x40\x59\0\0\xd2\x07\0\0\x7f\0\0\0\x80\x59\0\
\0\xe2\x07\0\0\x85\0\0\0\0\x5c\0\0\xf7\x07\0\0\x8f\0\0\0\xc0\x5d\0\0\x04\x08\0\
\0\x8f\0\0\0\0\x5e\0\0\x0e\x08\0\0\x8f\0\0\0\x40\x5e\0\0\x13\x08\0\0\x9c\0\0\0\
\x80\x5e\0\0\x28\x08\0\0\xa3\0\0\0\xc0\x5e\0\0\x2d\x08\0\0\xa4\0\0\0\x40\x5f\0\
\0\x37\x08\0\0\xa5\0\0\0\x80\x5f\0\0\x3f\x08\0\0\xa7\0\0\0\xc0\x5f\0\0\x47\x08\
\0\0\x03\0\0\0\x40\x60\0\0\x59\x08\0\0\x03\0\0\0\x80\x60\0\0\x6a\x08\0\0\xa8\0\
\0\0\xc0\x60\0\0\x6d\x08\0\0\xa9\0\0\0\0\x61\0\0\x73\x08\0\0\xaa\0\0\0\x40\x61\
\0\0\x7c\x08\0\0\xab\0\0\0\x80\x61\0\0\x84\x08\0\0\xac\0\0\0\xc0\x61\0\0\x8b\
\x08\0\0\xad\0\0\0\0\x62\0\0\x93\x08\0\0\xae\0\0\0\x40\x62\0\0\x9b\x08\0\0\xae\
\0\0\0\x80\x62\0\0\xa8\x08\0\0\xae\0\0\0\xc0\x62\0\0\xb6\x08\0\0\xb1\0\0\0\0\
\x63\0\0\xbe\x08\0\0\x03\0\0\0\xc0\x63\0\0\xc8\x08\0\0\xb2\0\0\0\0\x64\0\0\xd4\
\x08\0\0\x15\0\0\0\x40\x64\0\0\xe1\x08\0\0\x87\0\0\0\x80\x64\0\0\xec\x08\0\0\
\xb5\0\0\0\xc0\x64\0\0\xfa\x08\0\0\x92\0\0\0\0\x65\0\0\x03\x09\0\0\x15\0\0\0\
\x20\x65\0\0\x0d\x09\0\0\xb6\0\0\0\x40\x65\0\0\x15\x09\0\0\xb8\0\0\0\xc0\x65\0\
\0\x26\x09\0\0\x08\0\0\0\xc0\x66\0\0\x35\x09\0\0\x08\0\0\0\0\x67\0\0\x42\x09\0\
\0\xba\0\0\0\x40\x67\0\0\x4d\x09\0\0\x74\0\0\0\x60\x67\0\0\x55\x09\0\0\xbd\0\0\
\0\x80\x67\0\0\x5c\x09\0\0\x82\0\0\0\xc0\x67\0\0\x67\x09\0\0\x1f\0\0\0\x40\x68\
\0\0\x73\x09\0\0\xbf\0\0\0\x80\x68\0\0\x81\x09\0\0\x15\0\0\0\xc0\x68\0\0\x8a\
\x09\0\0\x16\0\0\0\0\x69\0\0\x97\x09\0\0\xc0\0\0\0\x40\x69\0\0\xa0\x09\0\0\xc1\
\0\0\0\x80\x69\0\0\xa5\x09\0\0\xc2\0\0\0\xc0\x69\0\0\xb3\x09\0\0\xc3\0\0\0\0\
\x6a\0\0\xbe\x09\0\0\xc4\0\0\0\x40\x6a\0\0\xce\x09\0\0\x03\0\0\0\x80\x6a\0\0\
\xdd\x09\0\0\xc5\0\0\0\xc0\x6a\0\0\xea\x09\0\0\xc7\0\0\0\0\x6b\0\0\xef\x09\0\0\
\x15\0\0\0\xc0\x6c\0\0\xf9\x09\0\0\x08\0\0\0\0\x6d\0\0\x07\x0a\0\0\x08\0\0\0\
\x40\x6d\0\0\x14\x0a\0\0\x08\0\0\0\x80\x6d\0\0\x21\x0a\0\0\xc8\0\0\0\xc0\x6d\0\
\0\x2e\x0a\0\0\xcb\0\0\0\xc0\x71\0\0\x3f\x0a\0\0\x0f\0\0\0\xe0\x71\0\0\x57\x0a\
\0\0\x0f\0\0\0\0\x72\0\0\x70\x0a\0\0\xcd\0\0\0\x40\x72\0\0\x78\x0a\0\0\x24\0\0\
\0\x80\x72\0\0\x80\x0a\0\0\x13\0\0\0\0\x73\0\0\x87\x0a\0\0\x13\0\0\0\x20\x73\0\
\0\x8c\x0a\0\0\xce\0\0\0\x40\x73\0\0\x98\x0a\0\0\xcf\0\0\0\x80\x73\0\0\xab\x0a\
\0\0\x24\0\0\0\xc0\x73\0\0\xb9\x0a\0\0\xd0\0\0\0\x40\x74\0\0\xc8\x0a\0\0\x8a\0\
\0\0\x80\x74\0\0\xd9\x0a\0\0\x15\0\0\0\x80\x75\0\0\xe5\x0a\0\0\xd1\0\0\0\xc0\
\x75\0\0\xf5\x0a\0\0\x8a\0\0\0\0\x76\0\0\x06\x0b\0\0\x24\0\0\0\0\x77\0\0\x16\
\x0b\0\0\xd2\0\0\0\x80\x77\0\0\x20\x0b\0\0\xd3\0\0\0\xc0\x77\0\0\x28\x0b\0\0\
\xd3\0\0\0\xd0\x77\0\0\x37\x0b\0\0\x0f\0\0\0\xe0\x77\0\0\x45\x0b\0\0\x15\0\0\0\
\0\x78\0\0\x56\x0b\0\0\x15\0\0\0\x20\x78\0\0\x6b\x0b\0\0\x0f\0\0\0\x40\x78\0\0\
\x7e\x0b\0\0\x03\0\0\0\x80\x78\0\0\x91\x0b\0\0\x08\0\0\0\xc0\x78\0\0\x9c\x0b\0\
\0\x08\0\0\0\0\x79\0\0\xb5\x0b\0\0\x08\0\0\0\x40\x79\0\0\xcb\x0b\0\0\x86\0\0\0\
\x80\x79\0\0\xd5\x0b\0\0\xd4\0\0\0\0\x7a\0\0\xe0\x0b\0\0\xd5\0\0\0\x40\x7a\0\0\
\xec\x0b\0\0\x03\0\0\0\x80\x7a\0\0\xfe\x0b\0\0\xd6\0\0\0\xc0\x7a\0\0\x13\x0c\0\
\0\x03\0\0\0\x80\x7b\0\0\x27\x0c\0\0\xd7\0\0\0\xc0\x7b\0\0\x2c\x0c\0\0\x13\0\0\
\0\0\x7c\0\0\x35\x0c\0\0\x13\0\0\0\x20\x7c\0\0\x3e\x0c\0\0\x03\0\0\0\x40\x7c\0\
\0\x4e\x0c\0\0\x0f\0\0\0\x80\x7c\0\0\x55\x0c\0\0\x0f\0\0\0\xa0\x7c\0\0\x61\x0c\
\0\0\x0f\0\0\0\xc0\x7c\0\0\x72\x0c\0\0\x0f\0\0\0\xe0\x7c\0\0\x80\x0c\0\0\x86\0\
\0\0\0\x7d\0\0\x89\x0c\0\0\xd8\0\0\0\x80\x7d\0\0\x91\x0c\0\0\xda\0\0\0\xc0\x9d\
\0\0\x9d\x0c\0\0\xdb\0\0\0\0\x9e\0\0\xa7\x0c\0\0\xdd\0\0\0\x80\x9e\0\0\xae\x0c\
\0\0\x0f\0\0\0\xc0\x9e\0\0\xb9\x0c\0\0\x0f\0\0\0\xe0\x9e\0\0\xca\x0c\0\0\x03\0\
\0\0\0\x9f\0\0\xdc\x0c\0\0\x0f\0\0\0\x40\x9f\0\0\xf1\x0c\0\0\xe0\0\0\0\x80\x9f\
\0\0\0\x0d\0\0\x08\0\0\0\x80\x17\x01\0\x0f\x0d\0\0\x08\0\0\0\xc0\x17\x01\0\x26\
\x0d\0\0\x0f\0\0\0\0\x18\x01\0\x35\x0d\0\0\x0f\0\0\0\x20\x18\x01\0\x44\x0d\0\0\
\xe1\0\0\0\x40\x18\x01\0\x4e\x0d\0\0\x0a\0\0\0\x80\x18\x01\0\x5f\x0d\0\0\x19\0\
\0\0\xc0\x18\x01\0\x6d\x0d\0\0\x19\0\0\0\xe0\x18\x01\0\x81\x0d\0\0\x03\0\0\0\0\
\x19\x01\0\x91\x0d\0\0\xe2\0\0\0\x40\x19\x01\0\x9e\x0d\0\0\xe3\0\0\0\x80\x19\
\x01\0\xb1\x0d\0\0\x0f\0\0\0\xa0\x19\x01\0\xc1\x0d\0\0\x15\0\0\0\xc0\x19\x01\0\
\xda\x0d\0\0\xe2\0\0\0\0\x1a\x01\0\xe7\x0d\0\0\xe4\0\0\0\x40\x1a\x01\0\xed\x0d\
\0\0\xe5\0\0\0\x80\x1a\x01\0\xfb\x0d\0\0\xe6\0\0\0\xc0\x1a\x01\0\x01\x0e\0\0\
\x15\0\0\0\0\x1b\x01\0\x0f\x0e\0\0\x15\0\0\0\x20\x1b\x01\0\x21\x0e\0\0\xe7\0\0\
\0\x40\x1b\x01\0\x2b\x0e\0\0\x86\0\0\0\x40\x1b\x01\0\x2f\x0e\0\0\x17\0\0\0\xc0\
\x1b\x01\0\x39\x0e\0\0\x0f\0\0\0\xe0\x1b\x01\0\x4c\x0e\0\0\x1f\0\0\0\0\x1c\x01\
\0\x5c\x0e\0\0\xe8\0\0\0\x40\x1c\x01\0\x6d\x0e\0\0\xec\0\0\0\x80\x1d\x01\0\x7b\
\x0e\0\0\x17\0\0\0\xc0\x1d\x01\0\x8a\x0e\0\0\x0f\0\0\0\xe0\x1d\x01\0\x96\x0e\0\
\0\x16\0\0\0\0\x1e\x01\0\x9f\x0e\0\0\xed\0\0\0\x40\x1e\x01\0\xab\x0e\0\0\xee\0\
\0\0\x80\x1e\x01\0\xb3\x0e\0\0\x16\0\0\0\xc0\x1e\x01\0\xbd\x0e\0\0\x09\0\0\0\0\
\x1f\x01\0\xc8\x0e\0\0\x08\0\0\0\x40\x1f\x01\0\xd1\x0e\0\0\x09\0\0\0\x80\x1f\
\x01\x01\xda\x0e\0\0\x09\0\0\0\x81\x1f\x01\x01\xe9\x0e\0\0\x09\0\0\0\x82\x1f\
\x01\x3e\xf8\x0e\0\0\x86\0\0\0\xc0\x1f\x01\0\x04\x0f\0\0\x0f\0\0\0\x40\x20\x01\
\0\x0e\x0f\0\0\xef\0\0\0\x80\x20\x01\0\x22\x0f\0\0\xef\0\0\0\xc0\x20\x01\0\x2b\
\x0f\0\0\x86\0\0\0\0\x21\x01\0\x3a\x0f\0\0\xf2\0\0\0\x80\x21\x01\0\x3d\x0f\0\0\
\xf3\0\0\0\xc0\x21\x01\0\x4b\x0f\0\0\xf4\0\0\0\0\x22\x01\0\x10\x02\0\0\x04\0\0\
\x04\x18\0\0\0\x47\0\0\0\x03\0\0\0\0\0\0\0\x52\x0f\0\0\x03\0\0\0\x40\0\0\0\x5f\
\x0f\0\0\x13\0\0\0\x80\0\0\0\x66\x0f\0\0\x13\0\0\0\xa0\0\0\0\x6a\x0f\0\0\0\0\0\
\x08\x14\0\0\0\x6e\x0f\0\0\0\0\0\x08\x15\0\0\0\x74\x0f\0\0\0\0\0\x01\x04\0\0\0\
\x20\0\0\0\0\0\0\0\0\0\0\x02\0\0\0\0\x81\x0f\0\0\0\0\0\x08\x18\0\0\0\x8c\x0f\0\
\0\x01\0\0\x04\x04\0\0\0\x9c\x0f\0\0\x19\0\0\0\0\0\0\0\xa1\x0f\0\0\0\0\0\x08\
\x1a\0\0\0\0\0\0\0\x01\0\0\x04\x04\0\0\0\xaa\x0f\0\0\x0f\0\0\0\0\0\0\0\xb2\x0f\
\0\0\x04\0\0\x04\x10\0\0\0\xc5\x0f\0\0\x1c\0\0\0\0\0\0\0\0\0\0\0\x1e\0\0\0\x40\
\0\0\0\xcb\x0f\0\0\x05\0\0\0\x60\0\0\0\xcf\x0f\0\0\x05\0\0\0\x70\0\0\0\xd3\x0f\
\0\0\x01\0\0\x04\x08\0\0\0\xde\x0f\0\0\x1d\0\0\0\0\0\0\0\0\0\0\0\0\0\0\x02\x1c\
\0\0\0\0\0\0\0\x02\0\0\x05\x04\0\0\0\xe3\x0f\0\0\x15\0\0\0\0\0\0\0\xeb\x0f\0\0\
\x19\0\0\0\0\0\0\0\0\0\0\0\0\0\0\x02\x11\0\0\0\xf3\x0f\0\0\x13\0\0\x04\0\x01\0\
\0\0\x10\0\0\x21\0\0\0\0\0\0\0\x05\x10\0\0\x22\0\0\0\x80\0\0\0\x0e\x10\0\0\x08\
\0\0\0\x40\x01\0\0\x17\x10\0\0\x08\0\0\0\x80\x01\0\0\x24\x10\0\0\x24\0\0\0\xc0\
\x01\0\0\x99\x02\0\0\x15\0\0\0\x40\x02\0\0\x2f\x10\0\0\x08\0\0\0\x80\x02\0\0\
\x3a\x10\0\0\x08\0\0\0\xc0\x02\0\0\x4b\x10\0\0\x08\0\0\0\0\x03\0\0\x61\x10\0\0\
\x08\0\0\0\x40\x03\0\0\x6a\x10\0\0\x26\0\0\0\x80\x03\0\0\x6f\x10\0\0\x08\0\0\0\
\xc0\x03\0\0\x75\x10\0\0\x08\0\0\0\0\x04\0\0\x83\x10\0\0\x0f\0\0\0\x40\x04\0\0\
\xd5\x06\0\0\x29\0\0\0\x80\x04\0\0\x89\x10\0\0\x2a\0\0\0\xc0\x04\0\0\x90\x10\0\
\0\x2a\0\0\0\0\x05\0\0\x95\x10\0\0\x03\0\0\0\x40\x05\0\0\xa5\x10\0\0\x2b\0\0\0\
\0\x06\0\0\xa9\x10\0\0\x02\0\0\x04\x10\0\0\0\xb5\x10\0\0\x03\0\0\0\0\0\0\0\xbc\
\x10\0\0\x13\0\0\0\x40\0\0\0\xc7\x10\0\0\x03\0\0\x04\x18\0\0\0\xcf\x10\0\0\x03\
\0\0\0\0\0\0\0\xe1\x10\0\0\x23\0\0\0\x40\0\0\0\xea\x10\0\0\x23\0\0\0\x80\0\0\0\
\0\0\0\0\0\0\0\x02\x22\0\0\0\xf2\x10\0\0\x02\0\0\x04\x10\0\0\0\xde\x0f\0\0\x25\
\0\0\0\0\0\0\0\xfc\x10\0\0\x25\0\0\0\x40\0\0\0\0\0\0\0\0\0\0\x02\x24\0\0\0\x01\
\x11\0\0\0\0\0\x08\x27\0\0\0\x05\x11\0\0\0\0\0\x08\x28\0\0\0\x0b\x11\0\0\0\0\0\
\x01\x08\0\0\0\x40\0\0\x01\0\0\0\0\0\0\0\x02\x20\0\0\0\0\0\0\0\0\0\0\x02\x69\
\x01\0\0\x15\x11\0\0\x09\0\0\x04\x40\0\0\0\x1f\x11\0\0\x08\0\0\0\0\0\0\0\x30\
\x11\0\0\x08\0\0\0\x40\0\0\0\x39\x11\0\0\x08\0\0\0\x80\0\0\0\x46\x11\0\0\x13\0\
\0\0\xc0\0\0\0\x4f\x11\0\0\x13\0\0\0\xe0\0\0\0\x5e\x11\0\0\x03\0\0\0\0\x01\0\0\
\x67\x11\0\0\x03\0\0\0\x40\x01\0\0\x74\x11\0\0\x03\0\0\0\x80\x01\0\0\x7d\x11\0\
\0\x15\0\0\0\xc0\x01\0\0\x86\x11\0\0\x07\0\0\x04\x30\0\0\0\x96\x11\0\0\x24\0\0\
\0\0\0\0\0\x9f\x11\0\0\x03\0\0\0\x80\0\0\0\xa7\x11\0\0\x03\0\0\0\xc0\0\0\0\xb6\
\x11\0\0\x15\0\0\0\0\x01\0\0\x99\x02\0\0\x07\0\0\0\x20\x01\0\0\xc1\x11\0\0\x07\
\0\0\0\x30\x01\0\0\xc9\x11\0\0\x2d\0\0\0\x40\x01\0\0\0\0\0\0\0\0\0\x02\x2c\0\0\
\0\xce\x11\0\0\x14\0\0\x84\xf8\0\0\0\xc7\x10\0\0\x22\0\0\0\0\0\0\0\xde\x11\0\0\
\x08\0\0\0\xc0\0\0\0\xe9\x11\0\0\x08\0\0\0\0\x01\0\0\xf5\x11\0\0\x08\0\0\0\x40\
\x01\0\0\xff\x11\0\0\x08\0\0\0\x80\x01\0\0\x05\x12\0\0\x08\0\0\0\xc0\x01\0\0\
\x10\x12\0\0\x26\0\0\0\0\x02\0\0\x0e\x10\0\0\x08\0\0\0\x40\x02\0\0\x47\0\0\0\
\x15\0\0\0\x80\x02\0\0\x18\x12\0\0\x15\0\0\0\xa0\x02\0\x01\x25\x12\0\0\x15\0\0\
\0\xa1\x02\0\x01\x30\x12\0\0\x15\0\0\0\xa2\x02\0\x01\x42\x12\0\0\x15\0\0\0\xa3\
\x02\0\x01\xd1\x02\0\0\x15\0\0\0\xa4\x02\0\x01\x4d\x12\0\0\x2f\0\0\0\xc0\x02\0\
\0\x56\x12\0\0\x2f\0\0\0\xc0\x04\0\0\x65\x12\0\0\x3a\0\0\0\xc0\x06\0\0\x68\x12\
\0\0\x3b\0\0\0\0\x07\0\0\x79\x12\0\0\x41\0\0\0\x40\x07\0\0\x85\x12\0\0\x40\0\0\
\0\x80\x07\0\0\x8b\x12\0\0\x08\0\0\x04\x40\0\0\0\x93\x12\0\0\x30\0\0\0\0\0\0\0\
\x98\x12\0\0\x31\0\0\0\0\x01\0\0\xa5\x12\0\0\x32\0\0\0\x40\x01\0\0\xae\x12\0\0\
\x36\0\0\0\x80\x01\0\0\xb3\x12\0\0\x37\0\0\0\xc0\x01\0\0\xb9\x12\0\0\x37\0\0\0\
\xc8\x01\0\0\xc0\x12\0\0\x37\0\0\0\xd0\x01\0\0\xc8\x12\0\0\x37\0\0\0\xd8\x01\0\
\0\xd0\x12\0\0\x02\0\0\x04\x20\0\0\0\x93\x12\0\0\x22\0\0\0\0\0\0\0\xe0\x12\0\0\
\x31\0\0\0\xc0\0\0\0\xe8\x12\0\0\0\0\0\x08\x26\0\0\0\0\0\0\0\0\0\0\x02\x33\0\0\
\0\0\0\0\0\x01\0\0\x0d\x34\0\0\0\0\0\0\0\x35\0\0\0\xf0\x12\0\0\x02\0\0\x06\x04\
\0\0\0\0\x13\0\0\0\0\0\0\x12\x13\0\0\x01\0\0\0\0\0\0\0\0\0\0\x02\x2f\0\0\0\0\0\
\0\0\0\0\0\x02\x98\x01\0\0\x22\x13\0\0\0\0\0\x08\x38\0\0\0\x25\x13\0\0\0\0\0\
\x08\x39\0\0\0\x2a\x13\0\0\0\0\0\x01\x01\0\0\0\x08\0\0\0\0\0\0\0\0\0\0\x02\x6a\
\x01\0\0\x38\x13\0\0\0\0\0\x08\x3c\0\0\0\0\0\0\0\0\0\0\x02\x3d\0\0\0\0\0\0\0\
\x01\0\0\x0d\x3e\0\0\0\0\0\0\0\x40\0\0\0\x4e\x13\0\0\0\0\0\x08\x3f\0\0\0\x53\
\x13\0\0\0\0\0\x01\x01\0\0\0\x08\0\0\x04\0\0\0\0\0\0\0\x02\x2e\0\0\0\x59\x13\0\
\0\0\0\0\x08\x42\0\0\0\0\0\0\0\0\0\0\x02\x43\0\0\0\0\0\0\0\x01\0\0\x0d\x1f\0\0\
\0\0\0\0\0\x40\0\0\0\0\0\0\0\0\0\0\x02\x45\0\0\0\0\0\0\0\0\0\0\x0a\xa9\x01\0\0\
\0\0\0\0\0\0\0\x02\xa8\x01\0\0\x6a\x13\0\0\x04\0\0\x84\x04\0\0\0\x74\x13\0\0\
\x15\0\0\0\0\0\0\x0b\x7a\x13\0\0\x15\0\0\0\x0b\0\0\x03\x84\x13\0\0\x15\0\0\0\
\x0e\0\0\x01\x8b\x13\0\0\x15\0\0\0\x0f\0\0\x01\0\0\0\0\0\0\0\x03\0\0\0\0\x47\0\
\0\0\x49\0\0\0\x02\0\0\0\x98\x13\0\0\0\0\0\x01\x04\0\0\0\x20\0\0\0\xac\x13\0\0\
\x1d\0\0\x04\0\x01\0\0\xbd\x13\0\0\x08\0\0\0\0\0\0\0\xc8\x13\0\0\x08\0\0\0\x40\
\0\0\0\xd1\x13\0\0\x08\0\0\0\x80\0\0\0\xdc\x13\0\0\x08\0\0\0\xc0\0\0\0\xe5\x13\
\0\0\x08\0\0\0\0\x01\0\0\xf2\x13\0\0\x08\0\0\0\x40\x01\0\0\xfd\x13\0\0\x08\0\0\
\0\x80\x01\0\0\x09\x14\0\0\x08\0\0\0\xc0\x01\0\0\x13\x14\0\0\x26\0\0\0\0\x02\0\
\0\x25\x14\0\0\x08\0\0\0\x40\x02\0\0\x31\x14\0\0\x08\0\0\0\x80\x02\0\0\x3b\x14\
\0\0\x26\0\0\0\xc0\x02\0\0\x4d\x14\0\0\x26\0\0\0\0\x03\0\0\x56\x14\0\0\x08\0\0\
\0\x40\x03\0\0\x60\x14\0\0\x08\0\0\0\x80\x03\0\0\x73\x14\0\0\x08\0\0\0\xc0\x03\
\0\0\x8f\x14\0\0\x08\0\0\0\0\x04\0\0\xac\x14\0\0\x08\0\0\0\x40\x04\0\0\xc5\x14\
\0\0\x08\0\0\0\x80\x04\0\0\xda\x14\0\0\x08\0\0\0\xc0\x04\0\0\xe5\x14\0\0\x08\0\
\0\0\0\x05\0\0\xf5\x14\0\0\x08\0\0\0\x40\x05\0\0\x08\x15\0\0\x08\0\0\0\x80\x05\
\0\0\x19\x15\0\0\x08\0\0\0\xc0\x05\0\0\x2b\x15\0\0\x08\0\0\0\0\x06\0\0\x3d\x15\
\0\0\x08\0\0\0\x40\x06\0\0\x58\x15\0\0\x08\0\0\0\x80\x06\0\0\x6b\x15\0\0\x08\0\
\0\0\xc0\x06\0\0\x7b\x15\0\0\x08\0\0\0\0\x07\0\0\x8e\x15\0\0\x01\0\0\x04\x08\0\
\0\0\x99\x15\0\0\x4c\0\0\0\0\0\0\0\0\0\0\0\0\0\0\x02\x6e\0\0\0\0\0\0\0\0\0\0\
\x02\x4e\0\0\0\0\0\0\0\0\0\0\x0a\x4f\0\0\0\x9f\x15\0\0\0\0\0\x08\x51\0\0\0\0\0\
\0\0\0\0\0\x02\x4f\0\0\0\xa9\x15\0\0\x01\0\0\x04\0\x04\0\0\xb1\x15\0\0\x52\0\0\
\0\0\0\0\0\0\0\0\0\0\0\0\x03\0\0\0\0\x03\0\0\0\x49\0\0\0\x80\0\0\0\xb6\x15\0\0\
\x02\0\0\x05\x04\0\0\0\xc2\x15\0\0\x54\0\0\0\0\0\0\0\xc4\x15\0\0\x13\0\0\0\0\0\
\0\0\0\0\0\0\x04\0\0\x04\x04\0\0\0\x93\x08\0\0\x37\0\0\0\0\0\0\0\xc6\x15\0\0\
\x37\0\0\0\x08\0\0\0\xce\x15\0\0\x37\0\0\0\x10\0\0\0\xd7\x15\0\0\x37\0\0\0\x18\
\0\0\0\0\0\0\0\0\0\0\x02\xaa\x01\0\0\xf0\x04\0\0\x04\0\0\x04\x20\0\0\0\xdf\x15\
\0\0\x03\0\0\0\0\0\0\0\xe6\x15\0\0\x0a\0\0\0\x40\0\0\0\xf0\x15\0\0\x0a\0\0\0\
\x80\0\0\0\xfd\x15\0\0\x0a\0\0\0\xc0\0\0\0\x09\x16\0\0\x03\0\0\x04\x28\0\0\0\
\x9f\x02\0\0\x0f\0\0\0\0\0\0\0\x14\x16\0\0\x24\0\0\0\x40\0\0\0\x1e\x16\0\0\x24\
\0\0\0\xc0\0\0\0\0\0\0\0\0\0\0\x02\x83\x01\0\0\0\0\0\0\0\0\0\x02\x82\x01\0\0\
\xa5\x06\0\0\x03\0\0\x04\x38\0\0\0\x28\x16\0\0\x03\0\0\0\0\0\0\0\x32\x16\0\0\
\x5b\0\0\0\x40\0\0\0\0\0\0\0\x5f\0\0\0\x80\0\0\0\0\0\0\0\0\0\0\x02\x5c\0\0\0\0\
\0\0\0\x01\0\0\x0d\x5d\0\0\0\0\0\0\0\x5e\0\0\0\x35\x16\0\0\0\0\0\x01\x08\0\0\0\
\x40\0\0\x01\0\0\0\0\0\0\0\x02\x5a\0\0\0\0\0\0\0\x03\0\0\x05\x28\0\0\0\x3a\x16\
\0\0\x60\0\0\0\0\0\0\0\x40\x16\0\0\x62\0\0\0\0\0\0\0\x4a\x16\0\0\x69\0\0\0\0\0\
\0\0\0\0\0\0\x06\0\0\x04\x28\0\0\0\x4f\x16\0\0\x61\0\0\0\0\0\0\0\x55\x16\0\0\
\x13\0\0\0\x40\0\0\0\x47\0\0\0\x13\0\0\0\x60\0\0\0\x59\x16\0\0\x13\0\0\0\x80\0\
\0\0\x60\x16\0\0\x08\0\0\0\xc0\0\0\0\x65\x16\0\0\x61\0\0\0\0\x01\0\0\0\0\0\0\0\
\0\0\x02\x13\0\0\0\0\0\0\0\x04\0\0\x04\x18\0\0\0\x6c\x16\0\0\x63\0\0\0\0\0\0\0\
\xd0\0\0\0\x65\0\0\0\x20\0\0\0\0\0\0\0\x66\0\0\0\x40\0\0\0\xe0\x12\0\0\x08\0\0\
\0\x80\0\0\0\x74\x16\0\0\0\0\0\x08\x64\0\0\0\x7e\x16\0\0\0\0\0\x08\x0f\0\0\0\
\x91\x16\0\0\x03\0\0\x06\x04\0\0\0\x9f\x16\0\0\0\0\0\0\xa7\x16\0\0\x01\0\0\0\
\xb1\x16\0\0\x02\0\0\0\0\0\0\0\x02\0\0\x05\x08\0\0\0\xbb\x16\0\0\x67\0\0\0\0\0\
\0\0\xc0\x16\0\0\x68\0\0\0\0\0\0\0\0\0\0\0\0\0\0\x02\xac\x01\0\0\0\0\0\0\0\0\0\
\x02\xad\x01\0\0\0\0\0\0\x05\0\0\x04\x20\0\0\0\xcc\x16\0\0\x6a\0\0\0\0\0\0\0\
\xd1\x16\0\0\x0f\0\0\0\x40\0\0\0\xd6\x16\0\0\x0f\0\0\0\x60\0\0\0\xe2\x16\0\0\
\x03\0\0\0\x80\0\0\0\xe9\x16\0\0\x03\0\0\0\xc0\0\0\0\0\0\0\0\0\0\0\x02\xae\x01\
\0\0\xf1\x16\0\0\0\0\0\x08\x6c\0\0\0\xf7\x16\0\0\0\0\0\x08\x0f\0\0\0\0\0\0\0\0\
\0\0\x02\x84\x01\0\0\x06\x17\0\0\x02\0\0\x04\x10\0\0\0\xde\x0f\0\0\x4c\0\0\0\0\
\0\0\0\x11\x17\0\0\x6f\0\0\0\x40\0\0\0\0\0\0\0\0\0\0\x02\x4c\0\0\0\0\0\0\0\0\0\
\0\x03\0\0\0\0\x6e\0\0\0\x49\0\0\0\x04\0\0\0\0\0\0\0\0\0\0\x02\x8a\x01\0\0\0\0\
\0\0\0\0\0\x02\x0f\0\0\0\x7a\x07\0\0\x03\0\0\x04\x18\0\0\0\x68\x07\0\0\x08\0\0\
\0\0\0\0\0\x6e\x07\0\0\x08\0\0\0\x40\0\0\0\x17\x17\0\0\x74\0\0\0\x80\0\0\0\x1c\
\x17\0\0\0\0\0\x08\x75\0\0\0\x2b\x17\0\0\x01\0\0\x04\x04\0\0\0\x38\x17\0\0\x76\
\0\0\0\0\0\0\0\x41\x17\0\0\0\0\0\x08\x77\0\0\0\x51\x17\0\0\x01\0\0\x04\x04\0\0\
\0\0\0\0\0\x78\0\0\0\0\0\0\0\0\0\0\0\x03\0\0\x05\x04\0\0\0\x55\x16\0\0\x19\0\0\
\0\0\0\0\0\0\0\0\0\x79\0\0\0\0\0\0\0\0\0\0\0\x7a\0\0\0\0\0\0\0\0\0\0\0\x02\0\0\
\x04\x02\0\0\0\x5b\x17\0\0\x37\0\0\0\0\0\0\0\xb6\x08\0\0\x37\0\0\0\x08\0\0\0\0\
\0\0\0\x02\0\0\x04\x04\0\0\0\x62\x17\0\0\x05\0\0\0\0\0\0\0\x71\x17\0\0\x05\0\0\
\0\x10\0\0\0\x87\x07\0\0\x07\0\0\x04\x30\0\0\0\x76\x17\0\0\x7c\0\0\0\0\0\0\0\
\x7f\x17\0\0\x0a\0\0\0\x40\0\0\0\xb3\x12\0\0\x7e\0\0\0\x80\0\0\0\x66\x0f\0\0\
\x15\0\0\0\xa0\0\0\0\x68\x07\0\0\x08\0\0\0\xc0\0\0\0\x6e\x07\0\0\x08\0\0\0\0\
\x01\0\0\x74\x07\0\0\x08\0\0\0\x40\x01\0\0\x89\x17\0\0\0\0\0\x08\x7d\0\0\0\x76\
\x17\0\0\x01\0\0\x04\x04\0\0\0\x94\x17\0\0\x15\0\0\0\0\0\0\0\x9d\x17\0\0\x05\0\
\0\x06\x04\0\0\0\xa9\x17\0\0\0\0\0\0\xb8\x17\0\0\x01\0\0\0\xc3\x17\0\0\x02\0\0\
\0\xcd\x17\0\0\x03\0\0\0\xd8\x17\0\0\x04\0\0\0\xd2\x07\0\0\x03\0\0\x04\x50\0\0\
\0\xe4\x17\0\0\x84\0\0\0\0\0\0\0\xea\x17\0\0\x15\0\0\0\x40\x02\0\0\xf8\x17\0\0\
\x15\0\0\0\x60\x02\0\0\x06\x18\0\0\x02\0\0\x04\x18\0\0\0\x1a\x18\0\0\x08\0\0\0\
\0\0\0\0\x22\x18\0\0\x81\0\0\0\x40\0\0\0\x29\x18\0\0\x01\0\0\x04\x10\0\0\0\x39\
\x18\0\0\x82\0\0\0\0\0\0\0\x41\x18\0\0\x02\0\0\x04\x10\0\0\0\x39\x18\0\0\x83\0\
\0\0\0\0\0\0\x50\x18\0\0\x23\0\0\0\x40\0\0\0\x39\x18\0\0\x01\0\0\x04\x08\0\0\0\
\xc7\x10\0\0\x23\0\0\0\0\0\0\0\0\0\0\0\0\0\0\x03\0\0\0\0\x80\0\0\0\x49\0\0\0\
\x03\0\0\0\xe2\x07\0\0\x03\0\0\x04\x38\0\0\0\x5c\x18\0\0\x86\0\0\0\0\0\0\0\x61\
\x18\0\0\x8a\0\0\0\x80\0\0\0\x67\x18\0\0\x15\0\0\0\x80\x01\0\0\x71\x18\0\0\x02\
\0\0\x04\x10\0\0\0\xde\x0f\0\0\x87\0\0\0\0\0\0\0\x7f\x18\0\0\x88\0\0\0\x40\0\0\
\0\0\0\0\0\0\0\0\x02\x86\0\0\0\0\0\0\0\0\0\0\x02\x89\0\0\0\0\0\0\0\x01\0\0\x0d\
\0\0\0\0\0\0\0\0\x87\0\0\0\x61\x18\0\0\x04\0\0\x04\x20\0\0\0\x84\x18\0\0\x8b\0\
\0\0\0\0\0\0\x8a\x18\0\0\x74\0\0\0\x40\0\0\0\x94\x18\0\0\x8e\0\0\0\x60\0\0\0\
\x98\x18\0\0\x24\0\0\0\x80\0\0\0\xa2\x18\0\0\0\0\0\x08\x8c\0\0\0\xb0\x18\0\0\0\
\0\0\x08\x8d\0\0\0\0\0\0\0\x01\0\0\x04\x08\0\0\0\xaa\x0f\0\0\x26\0\0\0\0\0\0\0\
\xbb\x18\0\0\x01\0\0\x04\x04\0\0\0\x71\x17\0\0\x19\0\0\0\0\0\0\0\0\0\0\0\0\0\0\
\x02\x90\0\0\0\0\0\0\0\0\0\0\x0a\x91\0\0\0\x0e\x08\0\0\x1a\0\0\x04\xb8\0\0\0\
\x36\x02\0\0\x8b\0\0\0\0\0\0\0\xd1\x18\0\0\x92\0\0\0\x40\0\0\0\xd5\x18\0\0\x96\
\0\0\0\x60\0\0\0\xd9\x18\0\0\x92\0\0\0\x80\0\0\0\xde\x18\0\0\x96\0\0\0\xa0\0\0\
\0\xe3\x18\0\0\x92\0\0\0\xc0\0\0\0\xe8\x18\0\0\x96\0\0\0\xe0\0\0\0\xed\x18\0\0\
\x92\0\0\0\0\x01\0\0\xf3\x18\0\0\x96\0\0\0\x20\x01\0\0\xf9\x18\0\0\x15\0\0\0\
\x40\x01\0\0\x04\x19\0\0\x9a\0\0\0\x80\x01\0\0\x14\x19\0\0\x9a\0\0\0\xc0\x01\0\
\0\x22\x19\0\0\x9a\0\0\0\0\x02\0\0\x30\x19\0\0\x9a\0\0\0\x40\x02\0\0\x39\x19\0\
\0\x9a\0\0\0\x80\x02\0\0\x45\x19\0\0\x39\0\0\0\xc0\x02\0\0\x51\x19\0\0\x9c\0\0\
\0\0\x03\0\0\x61\x19\0\0\x9c\0\0\0\x40\x03\0\0\x71\x19\0\0\x9c\0\0\0\x80\x03\0\
\0\x80\x19\0\0\x9c\0\0\0\xc0\x03\0\0\x96\x0e\0\0\x16\0\0\0\0\x04\0\0\x91\x19\0\
\0\x9d\0\0\0\x40\x04\0\0\x96\x19\0\0\x9e\0\0\0\x80\x04\0\0\x9e\x19\0\0\x9f\0\0\
\0\xc0\x04\0\0\xa6\x19\0\0\xa0\0\0\0\0\x05\0\0\0\0\0\0\xa1\0\0\0\x40\x05\0\0\
\xb1\x19\0\0\0\0\0\x08\x93\0\0\0\0\0\0\0\x01\0\0\x04\x04\0\0\0\x55\x16\0\0\x94\
\0\0\0\0\0\0\0\xb8\x19\0\0\0\0\0\x08\x95\0\0\0\xbe\x19\0\0\0\0\0\x08\x15\0\0\0\
\xcf\x19\0\0\0\0\0\x08\x97\0\0\0\0\0\0\0\x01\0\0\x04\x04\0\0\0\x55\x16\0\0\x98\
\0\0\0\0\0\0\0\xd6\x19\0\0\0\0\0\x08\x99\0\0\0\xdc\x19\0\0\0\0\0\x08\x15\0\0\0\
\xed\x19\0\0\0\0\0\x08\x9b\0\0\0\0\0\0\0\x01\0\0\x04\x08\0\0\0\x55\x16\0\0\x08\
\0\0\0\0\0\0\0\0\0\0\0\0\0\0\x02\x99\x01\0\0\0\0\0\0\0\0\0\x02\x8b\x01\0\0\0\0\
\0\0\0\0\0\x02\x86\x01\0\0\0\0\0\0\0\0\0\x02\x88\x01\0\0\0\0\0\0\0\0\0\x02\x9a\
\x01\0\0\0\0\0\0\x02\0\0\x05\x10\0\0\0\xfa\x19\0\0\x0f\0\0\0\0\0\0\0\x2b\x0e\0\
\0\x86\0\0\0\0\0\0\0\x02\x1a\0\0\0\0\0\x01\x01\0\0\0\x08\0\0\x01\0\0\0\0\0\0\0\
\x03\0\0\0\0\xa2\0\0\0\x49\0\0\0\x10\0\0\0\0\0\0\0\0\0\0\x02\xaf\x01\0\0\x07\
\x1a\0\0\x01\0\0\x04\x08\0\0\0\x10\x1a\0\0\xa6\0\0\0\0\0\0\0\0\0\0\0\0\0\0\x02\
\x6b\x01\0\0\x1a\x1a\0\0\x01\0\0\x04\x10\0\0\0\x23\x1a\0\0\x24\0\0\0\0\0\0\0\0\
\0\0\0\0\0\0\x02\xa6\x01\0\0\0\0\0\0\0\0\0\x02\x6c\x01\0\0\0\0\0\0\0\0\0\x02\
\x6d\x01\0\0\0\0\0\0\0\0\0\x02\x87\x01\0\0\0\0\0\0\0\0\0\x02\xab\x01\0\0\0\0\0\
\0\0\0\0\x02\x6f\x01\0\0\x2d\x1a\0\0\0\0\0\x08\xaf\0\0\0\0\0\0\0\x01\0\0\x04\
\x08\0\0\0\x36\x1a\0\0\xb0\0\0\0\0\0\0\0\0\0\0\0\0\0\0\x03\0\0\0\0\x03\0\0\0\
\x49\0\0\0\x01\0\0\0\x3a\x1a\0\0\x02\0\0\x04\x18\0\0\0\x45\x1a\0\0\x24\0\0\0\0\
\0\0\0\x84\x08\0\0\xae\0\0\0\x80\0\0\0\x4a\x1a\0\0\0\0\0\x08\xb3\0\0\0\x51\x1a\
\0\0\0\0\0\x08\xb4\0\0\0\x61\x1a\0\0\0\0\0\x08\x03\0\0\0\0\0\0\0\0\0\0\x02\x70\
\x01\0\0\x0d\x09\0\0\x03\0\0\x04\x10\0\0\0\x72\x1a\0\0\x0f\0\0\0\0\0\0\0\x77\
\x1a\0\0\x19\0\0\0\x20\0\0\0\x84\x1a\0\0\xb7\0\0\0\x40\0\0\0\0\0\0\0\0\0\0\x02\
\x71\x01\0\0\x8b\x1a\0\0\x04\0\0\x04\x20\0\0\0\xa1\x1a\0\0\xb9\0\0\0\0\0\0\0\
\xaa\x1a\0\0\x03\0\0\0\x40\0\0\0\xb1\x1a\0\0\x03\0\0\0\x80\0\0\0\xb5\x1a\0\0\
\x3e\0\0\0\xc0\0\0\0\0\0\0\0\0\0\0\x02\xa2\0\0\0\xc1\x1a\0\0\0\0\0\x08\xbb\0\0\
\0\xcc\x1a\0\0\x01\0\0\x04\x04\0\0\0\0\0\0\0\xbc\0\0\0\0\0\0\0\0\0\0\0\x01\0\0\
\x05\x04\0\0\0\xd5\x1a\0\0\x75\0\0\0\0\0\0\0\xdb\x1a\0\0\x01\0\0\x04\x08\0\0\0\
\xde\x0f\0\0\xbe\0\0\0\0\0\0\0\0\0\0\0\0\0\0\x02\xbd\0\0\0\0\0\0\0\0\0\0\x02\
\x72\x01\0\0\0\0\0\0\0\0\0\x02\x8f\x01\0\0\0\0\0\0\0\0\0\x02\x6e\x01\0\0\0\0\0\
\0\0\0\0\x02\x73\x01\0\0\0\0\0\0\0\0\0\x02\x9c\x01\0\0\0\0\0\0\0\0\0\x02\x74\
\x01\0\0\0\0\0\0\0\0\0\x02\xc6\0\0\0\xe7\x1a\0\0\0\0\0\x08\xa7\x01\0\0\xf8\x1a\
\0\0\x07\0\0\x04\x38\0\0\0\x0b\x1b\0\0\x08\0\0\0\0\0\0\0\x11\x1b\0\0\x08\0\0\0\
\x40\0\0\0\x17\x1b\0\0\x08\0\0\0\x80\0\0\0\x1d\x1b\0\0\x08\0\0\0\xc0\0\0\0\x23\
\x1b\0\0\x08\0\0\0\0\x01\0\0\x2e\x1b\0\0\x08\0\0\0\x40\x01\0\0\x3a\x1b\0\0\x08\
\0\0\0\x80\x01\0\0\x50\x1b\0\0\0\0\0\x08\xc9\0\0\0\0\0\0\0\x01\0\0\x04\x80\0\0\
\0\xb1\x15\0\0\xca\0\0\0\0\0\0\0\0\0\0\0\0\0\0\x03\0\0\0\0\x03\0\0\0\x49\0\0\0\
\x10\0\0\0\x5b\x1b\0\0\0\0\0\x08\xcc\0\0\0\x6f\x1b\0\0\x01\0\0\x04\x04\0\0\0\
\x76\x17\0\0\x7c\0\0\0\0\0\0\0\0\0\0\0\0\0\0\x02\x9b\x01\0\0\0\0\0\0\0\0\0\x02\
\x75\x01\0\0\0\0\0\0\0\0\0\x02\x76\x01\0\0\0\0\0\0\0\0\0\x02\x77\x01\0\0\0\0\0\
\0\0\0\0\x02\x9f\x01\0\0\0\0\0\0\0\0\0\x02\x90\x01\0\0\x81\x1b\0\0\0\0\0\x01\
\x02\0\0\0\x10\0\0\x01\0\0\0\0\0\0\0\x02\x78\x01\0\0\0\0\0\0\0\0\0\x02\x03\0\0\
\0\0\0\0\0\0\0\0\x03\0\0\0\0\x03\0\0\0\x49\0\0\0\x03\0\0\0\0\0\0\0\0\0\0\x02\
\x79\x01\0\0\x87\x1b\0\0\x03\0\0\x04\x08\x04\0\0\x9c\x1b\0\0\xd9\0\0\0\0\0\0\0\
\xa1\x1b\0\0\x3e\0\0\0\0\x20\0\0\xb0\x1b\0\0\x3e\0\0\0\x08\x20\0\0\xb9\x1b\0\0\
\x01\0\0\x04\0\x04\0\0\xa9\x15\0\0\x51\0\0\0\0\0\0\0\0\0\0\0\0\0\0\x02\x96\x01\
\0\0\xd3\x1b\0\0\x03\0\0\x04\x10\0\0\0\xdd\x1b\0\0\xdc\0\0\0\0\0\0\0\xaa\x1a\0\
\0\x14\0\0\0\x40\0\0\0\xe2\x1b\0\0\x14\0\0\0\x60\0\0\0\0\0\0\0\0\0\0\x02\x8c\
\x01\0\0\0\0\0\0\0\0\0\x02\x7a\x01\0\0\xf1\x0c\0\0\x04\0\0\x04\x78\0\0\0\xe7\
\x1b\0\0\xdf\0\0\0\0\0\0\0\xf1\x1b\0\0\x15\0\0\0\0\x03\0\0\x60\x16\0\0\x03\0\0\
\0\x40\x03\0\0\xf7\x1b\0\0\x03\0\0\0\x80\x03\0\0\0\0\0\0\0\0\0\x03\0\0\0\0\x03\
\0\0\0\x49\0\0\0\x0c\0\0\0\0\0\0\0\0\0\0\x03\0\0\0\0\xde\0\0\0\x49\0\0\0\x20\0\
\0\0\0\0\0\0\0\0\0\x02\x7b\x01\0\0\0\0\0\0\0\0\0\x02\x94\x01\0\0\xfb\x1b\0\0\0\
\0\0\x08\x15\0\0\0\0\0\0\0\0\0\0\x02\x93\x01\0\0\0\0\0\0\0\0\0\x02\x8e\x01\0\0\
\0\0\0\0\0\0\0\x02\x7c\x01\0\0\x21\x0e\0\0\0\0\0\x04\0\0\0\0\x01\x1c\0\0\x04\0\
\0\x04\x28\0\0\0\x0c\x1c\0\0\x6e\0\0\0\0\0\0\0\xe0\x12\0\0\x03\0\0\0\x80\0\0\0\
\xa5\x12\0\0\xe9\0\0\0\xc0\0\0\0\x47\0\0\0\x13\0\0\0\0\x01\0\0\0\0\0\0\0\0\0\
\x02\xea\0\0\0\0\0\0\0\x01\0\0\x0d\0\0\0\0\0\0\0\0\xeb\0\0\0\0\0\0\0\0\0\0\x02\
\xe8\0\0\0\0\0\0\0\0\0\0\x02\x7d\x01\0\0\0\0\0\0\0\0\0\x02\x95\x01\0\0\0\0\0\0\
\0\0\0\x02\x7e\x01\0\0\x12\x1c\0\0\x01\0\0\x04\x08\0\0\0\x99\x15\0\0\x1d\0\0\0\
\0\0\0\0\x1d\x1c\0\0\x01\0\0\x05\x08\0\0\0\x2d\x1c\0\0\xf1\0\0\0\0\0\0\0\x34\
\x1c\0\0\x02\0\0\x04\x08\0\0\0\x3f\x1c\0\0\x3e\0\0\0\0\0\0\0\x4a\x1c\0\0\x15\0\
\0\0\x20\0\0\0\0\0\0\0\0\0\0\x03\0\0\0\0\xf0\0\0\0\x49\0\0\0\x01\0\0\0\0\0\0\0\
\0\0\0\x02\x7f\x01\0\0\x55\x1c\0\0\x16\0\0\x84\x40\x11\0\0\x63\x1c\0\0\xf6\0\0\
\0\0\0\0\0\x4d\0\0\0\x03\0\0\0\xc0\0\0\0\x6d\x1c\0\0\x07\0\0\0\0\x01\0\0\x70\
\x1c\0\0\x07\0\0\0\x10\x01\0\0\x73\x1c\0\0\x07\0\0\0\x20\x01\0\0\x7b\x1c\0\0\
\x07\0\0\0\x30\x01\0\0\x83\x1c\0\0\x03\0\0\0\x40\x01\0\0\x8a\x1c\0\0\x03\0\0\0\
\x80\x01\0\0\x91\x1c\0\0\x49\x01\0\0\xc0\x01\0\0\x9c\x1c\0\0\x03\0\0\0\xc0\x02\
\0\0\xa8\x1c\0\0\x03\0\0\0\0\x03\0\0\xb3\x1c\0\0\x03\0\0\0\x40\x03\0\0\xb7\x1c\
\0\0\x03\0\0\0\x80\x03\0\0\xbf\x1c\0\0\x03\0\0\0\xc0\x03\0\0\xca\x1c\0\0\x4a\
\x01\0\0\0\x04\0\0\xd4\x1c\0\0\x03\0\0\0\x40\x04\0\0\xde\x1c\0\0\x15\0\0\0\x80\
\x04\0\x01\xe8\x1c\0\0\x13\0\0\0\xa0\x04\0\0\xed\x1c\0\0\x03\0\0\0\xc0\x04\0\0\
\xf6\x1c\0\0\x03\0\0\0\0\x05\0\0\x06\x1d\0\0\x4b\x01\0\0\x40\x05\0\0\x0c\x1d\0\
\0\x4c\x01\0\0\0\x06\0\0\x10\x1d\0\0\x0d\0\0\x84\x08\0\0\0\x1c\x1d\0\0\x05\0\0\
\0\0\0\0\0\x23\x1d\0\0\x05\0\0\0\x10\0\0\0\x29\x1d\0\0\x05\0\0\0\x20\0\0\x08\
\xd0\0\0\0\x05\0\0\0\x28\0\0\x04\xc4\x15\0\0\x05\0\0\0\x2c\0\0\x01\x2f\x1d\0\0\
\x05\0\0\0\x2d\0\0\x02\x33\x1d\0\0\x05\0\0\0\x2f\0\0\x01\x35\x1d\0\0\x05\0\0\0\
\x30\0\0\x04\x3c\x1d\0\0\x05\0\0\0\x34\0\0\x01\x40\x1d\0\0\x05\0\0\0\x35\0\0\
\x01\x42\x1d\0\0\x05\0\0\0\x36\0\0\x01\x44\x1d\0\0\x05\0\0\0\x37\0\0\x01\x46\
\x1d\0\0\x05\0\0\0\x38\0\0\x08\0\0\0\0\0\0\0\x03\0\0\0\0\xf5\0\0\0\x49\0\0\0\
\x03\0\0\0\0\0\0\0\0\0\0\x02\xf8\0\0\0\x4c\x1d\0\0\x4f\0\0\x04\0\x05\0\0\x57\
\x1d\0\0\x24\0\0\0\0\0\0\0\x63\x1d\0\0\x24\0\0\0\x80\0\0\0\x70\x1d\0\0\x24\0\0\
\0\0\x01\0\0\x24\x10\0\0\x22\0\0\0\x80\x01\0\0\x7c\x1d\0\0\x08\0\0\0\x40\x02\0\
\0\x88\x1d\0\0\x24\0\0\0\x80\x02\0\0\x96\x1d\0\0\x6e\0\0\0\0\x03\0\0\xa2\x1d\0\
\0\x24\0\0\0\x80\x03\0\0\xaf\x1d\0\0\x0f\0\0\0\0\x04\0\0\xbb\x1d\0\0\x0f\0\0\0\
\x20\x04\0\0\xc6\x1d\0\0\x0f\0\0\0\x40\x04\0\0\xd1\x1d\0\0\x15\0\0\0\x60\x04\0\
\0\xed\x06\0\0\xf7\0\0\0\x80\x04\0\0\xe2\x1d\0\0\xf9\0\0\0\xc0\x04\0\0\xe6\x1d\
\0\0\x16\0\0\0\0\x05\0\0\xb3\x12\0\0\xfa\0\0\0\x40\x05\0\0\xf2\x1d\0\0\x15\0\0\
\0\x60\x05\0\0\xf1\x1b\0\0\xfb\0\0\0\x80\x05\0\0\xff\x1d\0\0\x8c\0\0\0\xc0\x05\
\0\0\x0b\x1e\0\0\x08\0\0\0\0\x06\0\0\x1e\x1e\0\0\x08\0\0\0\x40\x06\0\0\x31\x1e\
\0\0\x08\0\0\0\x80\x06\0\0\x38\x1e\0\0\xff\0\0\0\xc0\x06\0\0\x3d\x1e\0\0\x05\0\
\0\0\0\x0b\0\0\x49\x1e\0\0\x05\0\0\0\x10\x0b\0\0\x58\x1e\0\0\x05\0\0\0\x20\x0b\
\0\0\x62\x1e\0\0\x05\x01\0\0\x40\x0b\0\0\xef\0\0\0\xd1\0\0\0\x40\x11\0\0\x65\
\x1e\0\0\x16\x01\0\0\x80\x11\0\0\x6d\x1e\0\0\x8b\0\0\0\xc0\x11\0\0\x76\x1e\0\0\
\x8c\0\0\0\0\x12\0\0\x8f\x1e\0\0\x8c\0\0\0\x40\x12\0\0\xa8\x1e\0\0\x8a\0\0\0\
\x80\x12\0\0\xb4\x1e\0\0\x24\0\0\0\x80\x13\0\0\xd5\x06\0\0\xf7\0\0\0\0\x14\0\0\
\xbf\x1e\0\0\x0f\0\0\0\x40\x14\0\0\x66\x0f\0\0\x0f\0\0\0\x60\x14\0\0\xc5\x1e\0\
\0\x24\0\0\0\x80\x14\0\0\x84\x18\0\0\x1f\0\0\0\0\x15\0\0\xd1\x1e\0\0\x8a\0\0\0\
\x40\x15\0\0\xdc\x1e\0\0\x19\0\0\0\x40\x16\0\0\xe7\x1e\0\0\x17\x01\0\0\x80\x16\
\0\0\xea\x1e\0\0\x24\0\0\0\xc0\x16\0\0\xf3\x1e\0\0\x03\0\0\0\x40\x17\0\0\xff\
\x1e\0\0\x0f\0\0\0\x80\x17\0\0\x0b\x1f\0\0\x18\x01\0\0\xc0\x17\0\0\x11\x1f\0\0\
\x1a\x01\0\0\x80\x18\0\0\x18\x1f\0\0\x15\0\0\0\xc0\x18\0\0\x27\x1f\0\0\x15\0\0\
\0\xe0\x18\0\0\x34\x1f\0\0\x15\0\0\0\0\x19\0\0\x44\x1f\0\0\x15\0\0\0\x20\x19\0\
\0\x54\x1f\0\0\x03\0\0\0\x40\x19\0\0\x61\x1f\0\0\x1b\x01\0\0\x80\x19\0\0\x6d\
\x1f\0\0\x86\0\0\0\x80\x1a\0\0\x7a\x1f\0\0\x15\0\0\0\0\x1b\0\0\x87\x1f\0\0\x1f\
\x01\0\0\x40\x1b\0\0\x99\x1f\0\0\x19\0\0\0\x80\x1b\0\0\xa5\x1f\0\0\x20\x01\0\0\
\xc0\x1b\0\0\xb2\x1f\0\0\x21\x01\0\0\x80\x1c\0\0\xc5\x1f\0\0\x03\0\0\0\xc0\x1c\
\0\0\xd6\x1f\0\0\xf7\0\0\0\0\x1d\0\0\xe0\x1f\0\0\x22\x01\0\0\x40\x1d\0\0\x71\
\x18\0\0\x86\0\0\0\x80\x1d\0\0\xe8\x1f\0\0\x24\x01\0\0\0\x1e\0\0\xeb\x1f\0\0\
\x08\0\0\0\x40\x1e\0\0\xee\x1f\0\0\x8c\0\0\0\x80\x1e\0\0\xfb\x1f\0\0\x25\x01\0\
\0\xc0\x1e\0\0\x01\x20\0\0\x27\x01\0\0\0\x1f\0\0\x12\x20\0\0\x16\0\0\0\x40\x1f\
\0\0\x2b\x20\0\0\x27\x01\0\0\x80\x1f\0\0\x41\x20\0\0\x37\x01\0\0\xc0\x1f\0\0\
\x46\x20\0\0\x08\0\0\0\0\x20\0\0\x51\x20\0\0\x38\x01\0\0\x40\x20\0\0\x84\x1a\0\
\0\x39\x01\0\0\x80\x20\0\0\x5a\x20\0\0\x3a\x01\0\0\xc0\x20\0\0\x65\x20\0\0\x48\
\x01\0\0\xc0\x26\0\0\x96\x0e\0\0\x16\0\0\0\0\x27\0\0\x6a\x20\0\0\x24\0\0\0\x40\
\x27\0\0\x72\x20\0\0\x14\0\0\0\xc0\x27\0\0\0\0\0\0\0\0\0\x02\x9d\x01\0\0\x7c\
\x20\0\0\x06\0\0\x86\x04\0\0\0\x8d\x20\0\0\xfc\xff\xff\xff\xa3\x20\0\0\xfd\xff\
\xff\xff\xb9\x20\0\0\xfe\xff\xff\xff\xd0\x20\0\0\xff\xff\xff\xff\xe5\x20\0\0\0\
\0\0\0\xff\x20\0\0\x01\0\0\0\x17\x21\0\0\0\0\0\x08\xfc\0\0\0\0\0\0\0\x01\0\0\
\x04\x08\0\0\0\x21\x21\0\0\xfd\0\0\0\0\0\0\0\x23\x21\0\0\0\0\0\x08\xfe\0\0\0\0\
\0\0\0\x01\0\0\x04\x08\0\0\0\x21\x21\0\0\x8b\0\0\0\0\0\0\0\x2b\x21\0\0\x3c\0\0\
\x84\x88\0\0\0\xd0\0\0\0\x14\0\0\0\0\0\0\0\xe2\x1b\0\0\x14\0\0\0\x20\0\0\0\x3b\
\x21\0\0\x09\0\0\0\x40\0\0\0\0\0\0\0\0\x01\0\0\x80\0\0\0\x42\x21\0\0\x09\0\0\0\
\xc0\0\0\0\x4e\x21\0\0\x09\0\0\0\0\x01\0\0\x5a\x21\0\0\x09\0\0\0\x40\x01\0\x01\
\x63\x21\0\0\x09\0\0\0\x41\x01\0\x01\x6b\x21\0\0\x09\0\0\0\x42\x01\0\x01\x72\
\x21\0\0\x09\0\0\0\x43\x01\0\x01\x7c\x21\0\0\x09\0\0\0\x44\x01\0\x01\x89\x21\0\
\0\x09\0\0\0\x45\x01\0\x01\x98\x21\0\0\x09\0\0\0\x46\x01\0\x01\xa3\x21\0\0\x09\
\0\0\0\x47\x01\0\x01\xb0\x21\0\0\x09\0\0\0\x48\x01\0\x01\x28\x08\0\0\x09\0\0\0\
\x49\x01\0\x01\xb5\x21\0\0\x09\0\0\0\x4a\x01\0\x01\xba\x21\0\0\x09\0\0\0\x4b\
\x01\0\x01\xc7\x21\0\0\x09\0\0\0\x4c\x01\0\x01\xd6\x21\0\0\x09\0\0\0\x4d\x01\0\
\x01\xdb\x21\0\0\x09\0\0\0\x4e\x01\0\x01\xe5\x21\0\0\x09\0\0\0\x4f\x01\0\x02\
\xf0\x21\0\0\x09\0\0\0\x51\x01\0\x01\xfa\x21\0\0\x09\0\0\0\x52\x01\0\x01\x08\
\x22\0\0\x09\0\0\0\x53\x01\0\x01\x15\x22\0\0\x09\0\0\0\x54\x01\0\x01\x23\x22\0\
\0\x09\0\0\0\x55\x01\0\x01\x3c\x22\0\0\x09\0\0\0\x56\x01\0\x01\x53\x22\0\0\x09\
\0\0\0\x57\x01\0\x01\x59\x22\0\0\x09\0\0\0\x58\x01\0\x01\x63\x22\0\0\x09\0\0\0\
\x59\x01\0\x01\x6f\x22\0\0\x09\0\0\0\x5a\x01\0\x01\x7e\x22\0\0\x09\0\0\0\x5b\
\x01\0\x01\x8d\x22\0\0\x09\0\0\0\x5c\x01\0\x01\x98\x22\0\0\x09\0\0\0\x5d\x01\0\
\x01\xa0\x22\0\0\x09\0\0\0\x5e\x01\0\x01\xaa\x22\0\0\x09\0\0\0\x5f\x01\0\x01\
\xb5\x22\0\0\x09\0\0\0\x60\x01\0\x01\xbc\x22\0\0\x09\0\0\0\x61\x01\0\x01\xc6\
\x22\0\0\x09\0\0\0\x62\x01\0\x01\xcf\x22\0\0\x09\0\0\0\x63\x01\0\x01\xde\x22\0\
\0\x09\0\0\0\x64\x01\0\x01\xed\x22\0\0\x09\0\0\0\x65\x01\0\x01\xf5\x22\0\0\x09\
\0\0\0\x66\x01\0\x1a\0\0\0\0\x01\x01\0\0\x80\x01\0\0\x02\x23\0\0\x14\0\0\0\xa0\
\x01\0\0\0\0\0\0\x02\x01\0\0\xc0\x01\0\0\0\0\0\0\x03\x01\0\0\0\x02\0\0\x0a\x23\
\0\0\x09\0\0\0\x40\x02\0\0\x1d\x23\0\0\x09\0\0\0\x80\x02\0\0\x2e\x23\0\0\x14\0\
\0\0\xc0\x02\0\0\x6c\x16\0\0\x04\x01\0\0\xe0\x02\0\0\x40\x23\0\0\x09\0\0\0\0\
\x03\0\0\x51\x23\0\0\x14\0\0\0\x40\x03\0\0\x5f\x23\0\0\x06\0\0\0\x60\x03\0\0\
\x70\x23\0\0\x06\0\0\0\x70\x03\0\0\x7d\x23\0\0\x14\0\0\0\x80\x03\0\0\x8d\x23\0\
\0\x14\0\0\0\xa0\x03\0\0\x9a\x23\0\0\x09\0\0\0\xc0\x03\0\0\xa3\x23\0\0\x09\0\0\
\0\0\x04\0\0\0\0\0\0\x02\0\0\x05\x08\0\0\0\xab\x23\0\0\x09\0\0\0\0\0\0\0\xb9\
\x23\0\0\x09\0\0\0\0\0\0\0\0\0\0\0\x02\0\0\x05\x04\0\0\0\xc5\x23\0\0\x14\0\0\0\
\0\0\0\0\xd3\x23\0\0\x14\0\0\0\0\0\0\0\0\0\0\0\x04\0\0\x05\x08\0\0\0\xe4\x23\0\
\0\x09\0\0\0\0\0\0\0\xec\x23\0\0\x09\0\0\0\0\0\0\0\xf8\x23\0\0\x09\0\0\0\0\0\0\
\0\x04\x24\0\0\x09\0\0\0\0\0\0\0\0\0\0\0\x04\0\0\x05\x08\0\0\0\x0c\x24\0\0\x09\
\0\0\0\0\0\0\0\x13\x24\0\0\x09\0\0\0\0\0\0\0\x1f\x24\0\0\x09\0\0\0\0\0\0\0\x2c\
\x24\0\0\x09\0\0\0\0\0\0\0\x34\x24\0\0\0\0\0\x08\x0f\0\0\0\x3a\x24\0\0\x0c\0\0\
\x04\xc0\0\0\0\0\0\0\0\x06\x01\0\0\0\0\0\0\x48\x24\0\0\x1f\0\0\0\0\x03\0\0\xa5\
\x1f\0\0\x16\0\0\0\x40\x03\0\0\xc5\x1f\0\0\x03\0\0\0\x80\x03\0\0\xb3\x12\0\0\
\x0f\0\0\0\xc0\x03\0\0\x4f\x24\0\0\xfb\0\0\0\0\x04\0\0\xab\x23\0\0\x08\0\0\0\
\x40\x04\0\0\0\0\0\0\x13\x01\0\0\x80\x04\0\0\x5a\x24\0\0\x08\0\0\0\0\x05\0\0\
\x69\x24\0\0\x08\0\0\0\x40\x05\0\0\x74\x24\0\0\x08\0\0\0\x80\x05\0\0\x84\x24\0\
\0\x08\0\0\0\xc0\x05\0\0\0\0\0\0\x06\0\0\x05\x60\0\0\0\0\0\0\0\x07\x01\0\0\0\0\
\0\0\0\0\0\0\x09\x01\0\0\0\0\0\0\0\0\0\0\x0a\x01\0\0\0\0\0\0\0\0\0\0\x0b\x01\0\
\0\0\0\0\0\0\0\0\0\x0c\x01\0\0\0\0\0\0\0\0\0\0\x12\x01\0\0\0\0\0\0\0\0\0\0\x0a\
\0\0\x04\x60\0\0\0\x3b\x21\0\0\x08\0\0\0\0\0\0\0\x95\x24\0\0\x08\0\0\0\x40\0\0\
\0\x9e\x24\0\0\x03\0\0\0\x80\0\0\0\xaa\x24\0\0\x03\0\0\0\xc0\0\0\0\xb5\x24\0\0\
\x0f\0\0\0\0\x01\0\0\xc6\x24\0\0\x0f\0\0\0\x20\x01\0\0\xca\x24\0\0\x0f\0\0\0\
\x40\x01\0\0\x47\0\0\0\x0f\0\0\0\x60\x01\0\0\xd3\x24\0\0\x08\x01\0\0\x80\x01\0\
\0\xdd\x24\0\0\x08\x01\0\0\x40\x02\0\0\xe8\x24\0\0\x04\0\0\x04\x18\0\0\0\x3b\
\x21\0\0\x08\0\0\0\0\0\0\0\xfc\x24\0\0\x15\0\0\0\x40\0\0\0\0\x25\0\0\x0f\0\0\0\
\x60\0\0\0\xc6\x24\0\0\x0f\0\0\0\x80\0\0\0\0\0\0\0\x01\0\0\x04\x40\0\0\0\x8b\
\x12\0\0\x2f\0\0\0\0\0\0\0\0\0\0\0\x01\0\0\x04\x10\0\0\0\x06\x25\0\0\x24\0\0\0\
\0\0\0\0\0\0\0\0\x02\0\0\x04\x10\0\0\0\x0e\x25\0\0\x08\0\0\0\0\0\0\0\x16\x25\0\
\0\x08\0\0\0\x40\0\0\0\0\0\0\0\x02\0\0\x04\x28\0\0\0\x1b\x25\0\0\x0d\x01\0\0\0\
\0\0\0\x20\x25\0\0\x0e\x01\0\0\xc0\0\0\0\x28\x25\0\0\x04\0\0\x04\x18\0\0\0\x3b\
\x25\0\0\x03\0\0\0\0\0\0\0\x43\x25\0\0\x03\0\0\0\x40\0\0\0\xb1\x1a\0\0\x37\0\0\
\0\x80\0\0\0\xd0\0\0\0\x37\0\0\0\x88\0\0\0\x48\x25\0\0\x02\0\0\x04\x10\0\0\0\
\x54\x25\0\0\x0f\x01\0\0\0\0\0\0\xde\x0f\0\0\x11\x01\0\0\x40\0\0\0\x5a\x25\0\0\
\x01\0\0\x04\x08\0\0\0\xde\x0f\0\0\x10\x01\0\0\0\0\0\0\0\0\0\0\0\0\0\x02\x0f\
\x01\0\0\0\0\0\0\0\0\0\x02\x0e\x01\0\0\0\0\0\0\x05\0\0\x04\x18\0\0\0\x65\x25\0\
\0\x37\0\0\0\0\0\0\0\x70\x25\0\0\x37\0\0\0\x08\0\0\0\x7b\x25\0\0\x05\0\0\0\x10\
\0\0\0\x83\x25\0\0\x08\0\0\0\x40\0\0\0\x88\x25\0\0\x08\0\0\0\x80\0\0\0\0\0\0\0\
\x02\0\0\x05\x10\0\0\0\0\0\0\0\x14\x01\0\0\0\0\0\0\0\0\0\0\x15\x01\0\0\0\0\0\0\
\0\0\0\0\x02\0\0\x04\x10\0\0\0\x8e\x25\0\0\x08\0\0\0\0\0\0\0\x9a\x25\0\0\xfb\0\
\0\0\x40\0\0\0\0\0\0\0\x02\0\0\x04\x10\0\0\0\xa6\x25\0\0\x08\0\0\0\0\0\0\0\xb3\
\x25\0\0\x08\0\0\0\x40\0\0\0\0\0\0\0\0\0\0\x02\x9e\x01\0\0\0\0\0\0\0\0\0\x02\
\xa0\x01\0\0\xbf\x25\0\0\0\0\0\x08\x19\x01\0\0\xd1\x25\0\0\x02\0\0\x04\x18\0\0\
\0\x17\x17\0\0\xba\0\0\0\0\0\0\0\xe1\x25\0\0\x24\0\0\0\x40\0\0\0\0\0\0\0\0\0\0\
\x02\x97\x01\0\0\xe6\x25\0\0\x03\0\0\x04\x20\0\0\0\x93\x12\0\0\x1b\0\0\0\0\0\0\
\0\x7f\x18\0\0\x1c\x01\0\0\x80\0\0\0\xef\x25\0\0\x1f\x01\0\0\xc0\0\0\0\0\0\0\0\
\0\0\0\x02\x1d\x01\0\0\0\0\0\0\x01\0\0\x0d\0\0\0\0\0\0\0\0\x1e\x01\0\0\0\0\0\0\
\0\0\0\x02\x1b\x01\0\0\xf7\x25\0\0\x01\0\0\x04\x08\0\0\0\xd6\x21\0\0\x1f\0\0\0\
\0\0\0\0\xff\x25\0\0\x03\0\0\x04\x18\0\0\0\x45\x1a\0\0\x24\0\0\0\0\0\0\0\x17\
\x17\0\0\x74\0\0\0\x80\0\0\0\x16\x26\0\0\x15\0\0\0\xa0\0\0\0\0\0\0\0\0\0\0\x02\
\xa1\x01\0\0\0\0\0\0\0\0\0\x02\x23\x01\0\0\0\0\0\0\x01\0\0\x0d\0\0\0\0\0\0\0\0\
\xf7\0\0\0\0\0\0\0\0\0\0\x02\x85\x01\0\0\0\0\0\0\0\0\0\x02\x26\x01\0\0\0\0\0\0\
\0\0\0\x0d\x08\0\0\0\x26\x26\0\0\0\0\0\x08\x28\x01\0\0\0\0\0\0\0\0\0\x02\x29\
\x01\0\0\0\0\0\0\x03\0\0\x0d\0\0\0\0\0\0\0\0\xf7\0\0\0\0\0\0\0\x2a\x01\0\0\0\0\
\0\0\x01\0\0\0\0\0\0\0\0\0\0\x02\x2b\x01\0\0\x3e\x26\0\0\x1a\0\0\x04\0\x01\0\0\
\x4f\x26\0\0\x08\0\0\0\0\0\0\0\x5c\x26\0\0\x08\0\0\0\x40\0\0\0\x63\x26\0\0\x08\
\0\0\0\x80\0\0\0\xd0\0\0\0\x08\0\0\0\xc0\0\0\0\x6c\x26\0\0\x2c\x01\0\0\0\x01\0\
\0\x60\x16\0\0\x08\0\0\0\x40\x01\0\0\xeb\x1f\0\0\x08\0\0\0\x80\x01\0\0\x76\x26\
\0\0\x2d\x01\0\0\xc0\x01\0\0\x44\0\0\0\x08\0\0\0\0\x02\0\0\x80\x26\0\0\x2e\x01\
\0\0\x40\x02\0\0\x8a\x26\0\0\x2f\x01\0\0\x80\x02\0\0\x8e\x26\0\0\x30\x01\0\0\
\xc0\x02\0\0\x97\x26\0\0\x31\x01\0\0\0\x03\0\0\xb5\x10\0\0\x32\x01\0\0\x40\x03\
\0\0\xa5\x26\0\0\x34\x01\0\0\x80\x03\0\0\xae\x26\0\0\x08\0\0\0\xc0\x03\0\0\xb2\
\x26\0\0\x36\x01\0\0\0\x04\0\0\xbc\x26\0\0\x36\x01\0\0\x80\x04\0\0\xc6\x26\0\0\
\x08\0\0\0\0\x05\0\0\xd6\x26\0\0\x08\0\0\0\x40\x05\0\0\xb5\x22\0\0\x08\0\0\0\
\x80\x05\0\0\xe0\x26\0\0\x08\0\0\0\xc0\x05\0\0\xe5\x26\0\0\x08\0\0\0\0\x06\0\0\
\xef\x26\0\0\x08\0\0\0\x40\x06\0\0\xfe\x26\0\0\x08\0\0\0\x80\x06\0\0\x0d\x27\0\
\0\x08\0\0\0\xc0\x06\0\0\0\0\0\0\x02\0\0\x04\x08\0\0\0\xb3\x06\0\0\x13\0\0\0\0\
\0\0\0\x16\x27\0\0\x13\0\0\0\x20\0\0\0\0\0\0\0\x02\0\0\x04\x08\0\0\0\x66\x0f\0\
\0\x13\0\0\0\0\0\0\0\x1a\x27\0\0\x13\0\0\0\x20\0\0\0\0\0\0\0\0\0\0\x02\xa2\x01\
\0\0\0\0\0\0\0\0\0\x02\xa3\x01\0\0\0\0\0\0\0\0\0\x02\xa4\x01\0\0\0\0\0\0\0\0\0\
\x02\x08\0\0\0\x23\x27\0\0\x02\0\0\x05\x08\0\0\0\x36\x27\0\0\x09\0\0\0\0\0\0\0\
\0\0\0\0\x33\x01\0\0\0\0\0\0\0\0\0\0\x03\0\0\x04\x08\0\0\0\x3b\x27\0\0\x14\0\0\
\0\0\0\0\0\x43\x27\0\0\x06\0\0\0\x20\0\0\0\x4a\x27\0\0\x06\0\0\0\x30\0\0\0\x51\
\x27\0\0\x02\0\0\x05\x08\0\0\0\x55\x16\0\0\x09\0\0\0\0\0\0\0\0\0\0\0\x35\x01\0\
\0\0\0\0\0\0\0\0\0\x0b\0\0\x84\x08\0\0\0\x63\x27\0\0\x09\0\0\0\0\0\0\x05\x6a\
\x27\0\0\x09\0\0\0\x05\0\0\x0e\x72\x27\0\0\x09\0\0\0\x13\0\0\x05\x7c\x27\0\0\
\x09\0\0\0\x18\0\0\x02\x85\x27\0\0\x09\0\0\0\x1a\0\0\x07\x8e\x27\0\0\x09\0\0\0\
\x21\0\0\x04\x9a\x27\0\0\x09\0\0\0\x25\0\0\x01\xa5\x27\0\0\x09\0\0\0\x26\0\0\
\x02\xb0\x27\0\0\x09\0\0\0\x28\0\0\x03\xb8\x27\0\0\x09\0\0\0\x2b\0\0\x03\xc1\
\x27\0\0\x09\0\0\0\x2e\0\0\x12\xca\x27\0\0\x02\0\0\x04\x10\0\0\0\xd4\x27\0\0\
\x09\0\0\0\0\0\0\0\xd8\x27\0\0\x01\0\0\0\x40\0\0\0\0\0\0\0\0\0\0\x02\x91\x01\0\
\0\0\0\0\0\0\0\0\x02\x89\x01\0\0\0\0\0\0\0\0\0\x02\x8d\x01\0\0\x5a\x20\0\0\x0d\
\0\0\x04\xc0\0\0\0\x7f\x18\0\0\x3b\x01\0\0\0\0\0\0\xde\x0f\0\0\x3e\x01\0\0\x40\
\0\0\0\x47\0\0\0\x03\0\0\0\x80\0\0\0\xdd\x27\0\0\x16\0\0\0\xc0\0\0\0\xe5\x27\0\
\0\x3b\x01\0\0\0\x01\0\0\xf0\x27\0\0\x41\x01\0\0\x40\x01\0\0\xfb\x27\0\0\x43\
\x01\0\0\xc0\x02\0\0\x05\x28\0\0\x41\x01\0\0\0\x03\0\0\x0e\x28\0\0\x03\0\0\0\
\x80\x04\0\0\x19\x28\0\0\x03\0\0\0\xc0\x04\0\0\x45\x1a\0\0\x24\0\0\0\0\x05\0\0\
\x29\x28\0\0\x44\x01\0\0\x80\x05\0\0\x32\x28\0\0\x03\0\0\0\xc0\x05\0\0\x3e\x28\
\0\0\0\0\0\x08\x3c\x01\0\0\0\0\0\0\0\0\0\x02\x3d\x01\0\0\0\0\0\0\x04\0\0\x0d\0\
\0\0\0\0\0\0\0\x03\0\0\0\0\0\0\0\x03\0\0\0\0\0\0\0\x3e\x01\0\0\0\0\0\0\x3f\x01\
\0\0\0\0\0\0\0\0\0\x02\x3a\x01\0\0\0\0\0\0\0\0\0\x02\x40\x01\0\0\x4c\x28\0\0\
\x01\0\0\x04\xa8\0\0\0\xd8\x27\0\0\x02\0\0\0\0\0\0\0\x58\x28\0\0\x03\0\0\x04\
\x30\0\0\0\x68\x28\0\0\x42\x01\0\0\0\0\0\0\x75\x28\0\0\x42\x01\0\0\x40\0\0\0\
\x81\x28\0\0\x8a\0\0\0\x80\0\0\0\0\0\0\0\0\0\0\x02\x92\x01\0\0\0\0\0\0\0\0\0\
\x02\x41\x01\0\0\x8c\x28\0\0\0\0\0\x08\x45\x01\0\0\0\0\0\0\0\0\0\x02\x46\x01\0\
\0\0\0\0\0\x02\0\0\x0d\x0f\0\0\0\0\0\0\0\x3e\x01\0\0\0\0\0\0\x47\x01\0\0\x9e\
\x28\0\0\x03\0\0\x06\x04\0\0\0\xad\x28\0\0\0\0\0\0\xd7\x28\0\0\x01\0\0\0\x01\
\x29\0\0\x02\0\0\0\0\0\0\0\0\0\0\x02\xa5\x01\0\0\0\0\0\0\0\0\0\x03\0\0\0\0\xf7\
\0\0\0\x49\0\0\0\x04\0\0\0\0\0\0\0\0\0\0\x02\x80\x01\0\0\x2c\x29\0\0\x02\0\0\
\x04\x10\0\0\0\xae\x12\0\0\x08\0\0\0\0\0\0\0\xe2\x1b\0\0\x08\0\0\0\x40\0\0\0\
\x0c\x1d\0\0\x07\0\0\x04\x80\x10\0\0\xca\x24\0\0\x15\0\0\0\0\0\0\0\x39\x29\0\0\
\x03\0\0\0\x40\0\0\0\x4a\x29\0\0\x4d\x01\0\0\x80\0\0\0\x52\x29\0\0\x4d\x01\0\0\
\xc0\0\0\0\x61\x29\0\0\x4e\x01\0\0\0\x01\0\0\x66\x29\0\0\x4e\x01\0\0\x80\x01\0\
\0\x71\x29\0\0\x4f\x01\0\0\0\x02\0\0\0\0\0\0\0\0\0\x02\x4f\x01\0\0\x7b\x29\0\0\
\x03\0\0\x04\x10\0\0\0\x8a\x29\0\0\x08\0\0\0\0\0\0\0\x97\x29\0\0\x15\0\0\0\x40\
\0\0\0\xa4\x29\0\0\x15\0\0\0\x60\0\0\0\x4a\x29\0\0\x0a\0\0\x84\x40\x10\0\0\xe2\
\x1b\0\0\x15\0\0\0\0\0\0\0\xb6\x29\0\0\x15\0\0\0\x20\0\0\0\xc0\x29\0\0\x08\0\0\
\0\x40\0\0\0\xca\x29\0\0\x08\0\0\0\x80\0\0\0\xd9\x29\0\0\x08\0\0\0\xc0\0\0\0\
\xdd\x29\0\0\x15\0\0\0\0\x01\0\x01\xe7\x29\0\0\x15\0\0\0\x01\x01\0\x01\xf0\x29\
\0\0\x15\0\0\0\x02\x01\0\x01\0\x2a\0\0\x15\0\0\0\x03\x01\0\x01\xd8\x27\0\0\x50\
\x01\0\0\0\x02\0\0\x07\x2a\0\0\x05\0\0\x05\0\x10\0\0\x14\x2a\0\0\x51\x01\0\0\0\
\0\0\0\x1a\x2a\0\0\x53\x01\0\0\0\0\0\0\x21\x2a\0\0\x5b\x01\0\0\0\0\0\0\x26\x2a\
\0\0\x5d\x01\0\0\0\0\0\0\x2c\x2a\0\0\x61\x01\0\0\0\0\0\0\x36\x2a\0\0\x09\0\0\
\x04\x70\0\0\0\x42\x2a\0\0\x13\0\0\0\0\0\0\0\x46\x2a\0\0\x13\0\0\0\x20\0\0\0\
\x4a\x2a\0\0\x13\0\0\0\x40\0\0\0\x4e\x2a\0\0\x13\0\0\0\x60\0\0\0\x52\x2a\0\0\
\x13\0\0\0\x80\0\0\0\x56\x2a\0\0\x13\0\0\0\xa0\0\0\0\x5a\x2a\0\0\x13\0\0\0\xc0\
\0\0\0\x5e\x2a\0\0\x52\x01\0\0\xe0\0\0\0\x5f\x0f\0\0\x13\0\0\0\x60\x03\0\0\0\0\
\0\0\0\0\0\x03\0\0\0\0\x13\0\0\0\x49\0\0\0\x14\0\0\0\x67\x2a\0\0\x0b\0\0\x04\0\
\x02\0\0\x42\x2a\0\0\x05\0\0\0\0\0\0\0\x46\x2a\0\0\x05\0\0\0\x10\0\0\0\x4a\x2a\
\0\0\x05\0\0\0\x20\0\0\0\x74\x2a\0\0\x05\0\0\0\x30\0\0\0\0\0\0\0\x54\x01\0\0\
\x40\0\0\0\x78\x2a\0\0\x13\0\0\0\xc0\0\0\0\x7e\x2a\0\0\x13\0\0\0\xe0\0\0\0\x5e\
\x2a\0\0\x57\x01\0\0\0\x01\0\0\x89\x2a\0\0\x58\x01\0\0\0\x05\0\0\x7b\x25\0\0\
\x59\x01\0\0\0\x0d\0\0\0\0\0\0\x5a\x01\0\0\x80\x0e\0\0\0\0\0\0\x02\0\0\x05\x10\
\0\0\0\0\0\0\0\x55\x01\0\0\0\0\0\0\0\0\0\0\x56\x01\0\0\0\0\0\0\0\0\0\0\x02\0\0\
\x04\x10\0\0\0\x93\x2a\0\0\x08\0\0\0\0\0\0\0\x97\x2a\0\0\x08\0\0\0\x40\0\0\0\0\
\0\0\0\x04\0\0\x04\x10\0\0\0\x4e\x2a\0\0\x13\0\0\0\0\0\0\0\x52\x2a\0\0\x13\0\0\
\0\x20\0\0\0\x56\x2a\0\0\x13\0\0\0\x40\0\0\0\x5a\x2a\0\0\x13\0\0\0\x60\0\0\0\0\
\0\0\0\0\0\0\x03\0\0\0\0\x13\0\0\0\x49\0\0\0\x20\0\0\0\0\0\0\0\0\0\0\x03\0\0\0\
\0\x13\0\0\0\x49\0\0\0\x40\0\0\0\0\0\0\0\0\0\0\x03\0\0\0\0\x13\0\0\0\x49\0\0\0\
\x0c\0\0\0\0\0\0\0\x02\0\0\x05\x30\0\0\0\x9b\x2a\0\0\x59\x01\0\0\0\0\0\0\xa4\
\x2a\0\0\x59\x01\0\0\0\0\0\0\xb0\x2a\0\0\x10\0\0\x04\x88\0\0\0\x42\x2a\0\0\x13\
\0\0\0\0\0\0\0\x46\x2a\0\0\x13\0\0\0\x20\0\0\0\x4a\x2a\0\0\x13\0\0\0\x40\0\0\0\
\x4e\x2a\0\0\x13\0\0\0\x60\0\0\0\x52\x2a\0\0\x13\0\0\0\x80\0\0\0\x56\x2a\0\0\
\x13\0\0\0\xa0\0\0\0\x5a\x2a\0\0\x13\0\0\0\xc0\0\0\0\x5e\x2a\0\0\x52\x01\0\0\
\xe0\0\0\0\xbd\x2a\0\0\x37\0\0\0\x60\x03\0\0\xc2\x2a\0\0\x37\0\0\0\x68\x03\0\0\
\xca\x2a\0\0\x37\0\0\0\x70\x03\0\0\xd4\x2a\0\0\x37\0\0\0\x78\x03\0\0\xde\x2a\0\
\0\x37\0\0\0\x80\x03\0\0\xe1\x2a\0\0\x37\0\0\0\x88\x03\0\0\x1b\x25\0\0\x5c\x01\
\0\0\xc0\x03\0\0\xe8\x2a\0\0\x13\0\0\0\0\x04\0\0\0\0\0\0\0\0\0\x02\x81\x01\0\0\
\xf2\x2a\0\0\x03\0\0\x04\x40\x02\0\0\xfe\x2a\0\0\x53\x01\0\0\0\0\0\0\x03\x2b\0\
\0\x5e\x01\0\0\0\x10\0\0\x0a\x2b\0\0\x60\x01\0\0\0\x12\0\0\x1e\x2b\0\0\x03\0\0\
\x04\x40\0\0\0\xc0\x29\0\0\x08\0\0\0\0\0\0\0\x2c\x2b\0\0\x08\0\0\0\x40\0\0\0\
\x1a\x27\0\0\x5f\x01\0\0\x80\0\0\0\0\0\0\0\0\0\0\x03\0\0\0\0\x08\0\0\0\x49\0\0\
\0\x06\0\0\0\0\0\0\0\0\0\0\x03\0\0\0\0\x37\0\0\0\x49\0\0\0\0\0\0\0\0\0\0\0\0\0\
\0\x03\0\0\0\0\x37\0\0\0\x49\0\0\0\0\x10\0\0\0\0\0\0\0\0\0\x03\0\0\0\0\xa2\0\0\
\0\x49\0\0\0\x0d\0\0\0\x9c\x2b\0\0\0\0\0\x0e\x62\x01\0\0\x01\0\0\0\0\0\0\0\0\0\
\0\x0a\xa2\0\0\0\0\0\0\0\0\0\0\x03\0\0\0\0\x64\x01\0\0\x49\0\0\0\x0c\0\0\0\xa4\
\x2b\0\0\0\0\0\x0e\x65\x01\0\0\0\0\0\0\xc1\x2b\0\0\x01\0\0\x0f\0\0\0\0\x66\x01\
\0\0\0\0\0\0\x0c\0\0\0\xc9\x2b\0\0\x01\0\0\x0f\0\0\0\0\x63\x01\0\0\0\0\0\0\x0d\
\0\0\0\x89\x10\0\0\0\0\0\x07\0\0\0\0\x65\x12\0\0\0\0\0\x07\0\0\0\0\xd1\x2b\0\0\
\0\0\0\x07\0\0\0\0\xdf\x2b\0\0\0\0\0\x07\0\0\0\0\xec\x2b\0\0\0\0\0\x07\0\0\0\0\
\xfa\x2b\0\0\0\0\0\x07\0\0\0\0\x03\x2c\0\0\0\0\0\x07\0\0\0\0\xec\x08\0\0\0\0\0\
\x07\0\0\0\0\x12\x2c\0\0\0\0\0\x07\0\0\0\0\x21\x2c\0\0\0\0\0\x07\0\0\0\0\xa5\
\x09\0\0\0\0\0\x07\0\0\0\0\xbe\x09\0\0\0\0\0\x07\0\0\0\0\x31\x2c\0\0\0\0\0\x07\
\0\0\0\0\x42\x2c\0\0\0\0\0\x07\0\0\0\0\x5a\x2c\0\0\0\0\0\x07\0\0\0\0\xd5\x0b\0\
\0\0\0\0\x07\0\0\0\0\x27\x0c\0\0\0\0\0\x07\0\0\0\0\x69\x2c\0\0\0\0\0\x07\0\0\0\
\0\x79\x2c\0\0\0\0\0\x07\0\0\0\0\x8a\x2c\0\0\0\0\0\x07\0\0\0\0\x96\x2c\0\0\0\0\
\0\x07\0\0\0\0\xa0\x2c\0\0\0\0\0\x07\0\0\0\0\x3d\x0f\0\0\0\0\0\x07\0\0\0\0\xca\
\x1c\0\0\0\0\0\x07\0\0\0\0\xac\x2c\0\0\0\0\0\x07\0\0\0\0\xba\x2c\0\0\0\0\0\x07\
\0\0\0\0\xc8\x2c\0\0\0\0\0\x07\0\0\0\0\xb3\x06\0\0\0\0\0\x07\0\0\0\0\xd2\x2c\0\
\0\0\0\0\x07\0\0\0\0\xe0\x2c\0\0\0\0\0\x07\0\0\0\0\x7c\x08\0\0\0\0\0\x07\0\0\0\
\0\x9e\x19\0\0\0\0\0\x07\0\0\0\0\xef\x2c\0\0\0\0\0\x07\0\0\0\0\0\x2d\0\0\0\0\0\
\x07\0\0\0\0\x0b\x2d\0\0\0\0\0\x07\0\0\0\0\xdd\x1b\0\0\0\0\0\x07\0\0\0\0\x17\
\x2d\0\0\0\0\0\x07\0\0\0\0\x24\x2d\0\0\0\0\0\x07\0\0\0\0\x97\x09\0\0\0\0\0\x07\
\0\0\0\0\x16\x0b\0\0\0\0\0\x07\0\0\0\0\x2c\x2d\0\0\0\0\0\x07\0\0\0\0\x35\x2d\0\
\0\0\0\0\x07\0\0\0\0\x41\x2d\0\0\0\0\0\x07\0\0\0\0\x4c\x2d\0\0\0\0\0\x07\0\0\0\
\0\x57\x2d\0\0\0\0\0\x07\0\0\0\0\x69\x2d\0\0\0\0\0\x07\0\0\0\0\x79\x2d\0\0\0\0\
\0\x07\0\0\0\0\x87\x2d\0\0\0\0\0\x07\0\0\0\0\x9a\x2d\0\0\0\0\0\x07\0\0\0\0\xa6\
\x19\0\0\0\0\0\x07\0\0\0\0\x9e\x2d\0\0\0\0\0\x07\0\0\0\0\xb3\x09\0\0\0\0\0\x07\
\0\0\0\0\xe2\x1d\0\0\0\0\0\x07\0\0\0\0\xa6\x2d\0\0\0\0\0\x07\0\0\0\0\xbd\x2d\0\
\0\0\0\0\x07\0\0\0\0\xd0\x2d\0\0\0\0\0\x07\0\0\0\0\xdc\x2d\0\0\0\0\0\x07\0\0\0\
\0\xf3\x2d\0\0\0\0\0\x07\0\0\0\0\x08\x2e\0\0\0\0\0\x07\0\0\0\0\x18\x2e\0\0\0\0\
\0\x07\0\0\0\0\x2a\x2e\0\0\0\0\0\x07\0\0\0\0\x36\x2e\0\0\0\0\0\x07\0\0\0\0\x40\
\x2e\0\0\0\0\0\x07\0\0\0\0\x4f\x2e\0\0\0\0\0\x07\0\0\0\0\xdb\x02\0\0\0\0\0\x07\
\0\0\0\0\x5a\x2e\0\0\0\0\0\x07\0\0\0\0\x63\x2e\0\0\0\0\0\x07\0\0\0\0\x71\x2e\0\
\0\0\0\0\x07\0\0\0\0\x83\x2e\0\0\0\0\0\x07\0\0\0\0\x92\x2e\0\0\0\0\0\x07\0\0\0\
\0\x2d\x08\0\0\0\0\0\x07\0\0\0\0\0\x70\x74\x5f\x72\x65\x67\x73\0\x72\x31\x35\0\
\x72\x31\x34\0\x72\x31\x33\0\x72\x31\x32\0\x62\x70\0\x62\x78\0\x72\x31\x31\0\
\x72\x31\x30\0\x72\x39\0\x72\x38\0\x61\x78\0\x63\x78\0\x64\x78\0\x73\x69\0\x64\
\x69\0\x6f\x72\x69\x67\x5f\x61\x78\0\x69\x70\0\x66\x6c\x61\x67\x73\0\x73\x70\0\
\x75\x6e\x73\x69\x67\x6e\x65\x64\x20\x6c\x6f\x6e\x67\0\x63\x73\0\x63\x73\x78\0\
\x66\x72\x65\x64\x5f\x63\x73\0\x75\x31\x36\0\x5f\x5f\x75\x31\x36\0\x75\x6e\x73\
\x69\x67\x6e\x65\x64\x20\x73\x68\x6f\x72\x74\0\x75\x36\x34\0\x5f\x5f\x75\x36\
\x34\0\x75\x6e\x73\x69\x67\x6e\x65\x64\x20\x6c\x6f\x6e\x67\x20\x6c\x6f\x6e\x67\
\0\x73\x6c\0\x77\x66\x65\0\x73\x73\0\x73\x73\x78\0\x66\x72\x65\x64\x5f\x73\x73\
\0\x73\x74\x69\0\x73\x77\x65\x76\x65\x6e\x74\0\x6e\x6d\x69\0\x76\x65\x63\x74\
\x6f\x72\0\x74\x79\x70\x65\0\x65\x6e\x63\x6c\x61\x76\x65\0\x6c\x6d\0\x6e\x65\
\x73\x74\x65\x64\0\x69\x6e\x73\x6e\x6c\x65\x6e\0\x63\x74\x78\0\x69\x6e\x74\0\
\x62\x70\x66\x5f\x70\x72\x6f\x67\x5f\x68\x65\x6c\x6c\x6f\x5f\x77\x6f\x72\x6c\
\x64\0\x6b\x70\x72\x6f\x62\x65\x2f\x73\x79\x73\x5f\x65\x78\x65\x63\x76\x65\0\
\x2f\x68\x6f\x6d\x65\x2f\x72\x61\x66\x61\x65\x6c\x67\x73\x73\x2f\x72\x65\x70\
\x6f\x73\x2f\x6f\x73\x2f\x6e\x73\x6f\x6c\x69\x64\x2f\x73\x72\x63\x2f\x65\x62\
\x70\x66\x2f\x68\x65\x6c\x6c\x6f\x5f\x77\x6f\x72\x6c\x64\x2e\x62\x70\x66\x2e\
\x63\0\x69\x6e\x74\x20\x62\x70\x66\x5f\x70\x72\x6f\x67\x5f\x68\x65\x6c\x6c\x6f\
\x5f\x77\x6f\x72\x6c\x64\x28\x73\x74\x72\x75\x63\x74\x20\x70\x74\x5f\x72\x65\
\x67\x73\x20\x2a\x63\x74\x78\x29\x20\x7b\0\x20\x20\x20\x20\x63\x68\x61\x72\x20\
\x6d\x73\x67\x5b\x5d\x20\x3d\x20\x22\x48\x65\x6c\x6c\x6f\x20\x66\x72\x6f\x6d\
\x20\x65\x42\x50\x46\x20\x28\x43\x4f\x2d\x52\x45\x29\x21\x5c\x6e\x22\x3b\0\x20\
\x20\x20\x20\x73\x74\x72\x75\x63\x74\x20\x74\x61\x73\x6b\x5f\x73\x74\x72\x75\
\x63\x74\x20\x2a\x74\x61\x73\x6b\x20\x3d\x20\x28\x73\x74\x72\x75\x63\x74\x20\
\x74\x61\x73\x6b\x5f\x73\x74\x72\x75\x63\x74\x2a\x29\x62\x70\x66\x5f\x67\x65\
\x74\x5f\x63\x75\x72\x72\x65\x6e\x74\x5f\x74\x61\x73\x6b\x28\x29\x3b\0\x74\x61\
\x73\x6b\x5f\x73\x74\x72\x75\x63\x74\0\x74\x68\x72\x65\x61\x64\x5f\x69\x6e\x66\
\x6f\0\x5f\x5f\x73\x74\x61\x74\x65\0\x73\x61\x76\x65\x64\x5f\x73\x74\x61\x74\
\x65\0\x73\x74\x61\x63\x6b\0\x75\x73\x61\x67\x65\0\x70\x74\x72\x61\x63\x65\0\
\x6f\x6e\x5f\x63\x70\x75\0\x77\x61\x6b\x65\x5f\x65\x6e\x74\x72\x79\0\x77\x61\
\x6b\x65\x65\x5f\x66\x6c\x69\x70\x73\0\x77\x61\x6b\x65\x65\x5f\x66\x6c\x69\x70\
\x5f\x64\x65\x63\x61\x79\x5f\x74\x73\0\x6c\x61\x73\x74\x5f\x77\x61\x6b\x65\x65\
\0\x72\x65\x63\x65\x6e\x74\x5f\x75\x73\x65\x64\x5f\x63\x70\x75\0\x77\x61\x6b\
\x65\x5f\x63\x70\x75\0\x6f\x6e\x5f\x72\x71\0\x70\x72\x69\x6f\0\x73\x74\x61\x74\
\x69\x63\x5f\x70\x72\x69\x6f\0\x6e\x6f\x72\x6d\x61\x6c\x5f\x70\x72\x69\x6f\0\
\x72\x74\x5f\x70\x72\x69\x6f\x72\x69\x74\x79\0\x73\x65\0\x72\x74\0\x64\x6c\0\
\x64\x6c\x5f\x73\x65\x72\x76\x65\x72\0\x73\x63\x68\x65\x64\x5f\x63\x6c\x61\x73\
\x73\0\x63\x6f\x72\x65\x5f\x6e\x6f\x64\x65\0\x63\x6f\x72\x65\x5f\x63\x6f\x6f\
\x6b\x69\x65\0\x63\x6f\x72\x65\x5f\x6f\x63\x63\x75\x70\x61\x74\x69\x6f\x6e\0\
\x73\x63\x68\x65\x64\x5f\x74\x61\x73\x6b\x5f\x67\x72\x6f\x75\x70\0\x75\x63\x6c\
\x61\x6d\x70\x5f\x72\x65\x71\0\x75\x63\x6c\x61\x6d\x70\0\x73\x74\x61\x74\x73\0\
\x70\x72\x65\x65\x6d\x70\x74\x5f\x6e\x6f\x74\x69\x66\x69\x65\x72\x73\0\x62\x74\
\x72\x61\x63\x65\x5f\x73\x65\x71\0\x70\x6f\x6c\x69\x63\x79\0\x6e\x72\x5f\x63\
\x70\x75\x73\x5f\x61\x6c\x6c\x6f\x77\x65\x64\0\x63\x70\x75\x73\x5f\x70\x74\x72\
\0\x75\x73\x65\x72\x5f\x63\x70\x75\x73\x5f\x70\x74\x72\0\x63\x70\x75\x73\x5f\
\x6d\x61\x73\x6b\0\x6d\x69\x67\x72\x61\x74\x69\x6f\x6e\x5f\x70\x65\x6e\x64\x69\
\x6e\x67\0\x6d\x69\x67\x72\x61\x74\x69\x6f\x6e\x5f\x64\x69\x73\x61\x62\x6c\x65\
\x64\0\x6d\x69\x67\x72\x61\x74\x69\x6f\x6e\x5f\x66\x6c\x61\x67\x73\0\x72\x63\
\x75\x5f\x72\x65\x61\x64\x5f\x6c\x6f\x63\x6b\x5f\x6e\x65\x73\x74\x69\x6e\x67\0\
\x72\x63\x75\x5f\x72\x65\x61\x64\x5f\x75\x6e\x6c\x6f\x63\x6b\x5f\x73\x70\x65\
\x63\x69\x61\x6c\0\x72\x63\x75\x5f\x6e\x6f\x64\x65\x5f\x65\x6e\x74\x72\x79\0\
\x72\x63\x75\x5f\x62\x6c\x6f\x63\x6b\x65\x64\x5f\x6e\x6f\x64\x65\0\x72\x63\x75\
\x5f\x74\x61\x73\x6b\x73\x5f\x6e\x76\x63\x73\x77\0\x72\x63\x75\x5f\x74\x61\x73\
\x6b\x73\x5f\x68\x6f\x6c\x64\x6f\x75\x74\0\x72\x63\x75\x5f\x74\x61\x73\x6b\x73\
\x5f\x69\x64\x78\0\x72\x63\x75\x5f\x74\x61\x73\x6b\x73\x5f\x69\x64\x6c\x65\x5f\
\x63\x70\x75\0\x72\x63\x75\x5f\x74\x61\x73\x6b\x73\x5f\x68\x6f\x6c\x64\x6f\x75\
\x74\x5f\x6c\x69\x73\x74\0\x72\x63\x75\x5f\x74\x61\x73\x6b\x73\x5f\x65\x78\x69\
\x74\x5f\x63\x70\x75\0\x72\x63\x75\x5f\x74\x61\x73\x6b\x73\x5f\x65\x78\x69\x74\
\x5f\x6c\x69\x73\x74\0\x74\x72\x63\x5f\x72\x65\x61\x64\x65\x72\x5f\x6e\x65\x73\
\x74\x69\x6e\x67\0\x74\x72\x63\x5f\x69\x70\x69\x5f\x74\x6f\x5f\x63\x70\x75\0\
\x74\x72\x63\x5f\x72\x65\x61\x64\x65\x72\x5f\x73\x70\x65\x63\x69\x61\x6c\0\x74\
\x72\x63\x5f\x68\x6f\x6c\x64\x6f\x75\x74\x5f\x6c\x69\x73\x74\0\x74\x72\x63\x5f\
\x62\x6c\x6b\x64\x5f\x6e\x6f\x64\x65\0\x74\x72\x63\x5f\x62\x6c\x6b\x64\x5f\x63\
\x70\x75\0\x73\x63\x68\x65\x64\x5f\x69\x6e\x66\x6f\0\x74\x61\x73\x6b\x73\0\x70\
\x75\x73\x68\x61\x62\x6c\x65\x5f\x74\x61\x73\x6b\x73\0\x70\x75\x73\x68\x61\x62\
\x6c\x65\x5f\x64\x6c\x5f\x74\x61\x73\x6b\x73\0\x6d\x6d\0\x61\x63\x74\x69\x76\
\x65\x5f\x6d\x6d\0\x66\x61\x75\x6c\x74\x73\x5f\x64\x69\x73\x61\x62\x6c\x65\x64\
\x5f\x6d\x61\x70\x70\x69\x6e\x67\0\x65\x78\x69\x74\x5f\x73\x74\x61\x74\x65\0\
\x65\x78\x69\x74\x5f\x63\x6f\x64\x65\0\x65\x78\x69\x74\x5f\x73\x69\x67\x6e\x61\
\x6c\0\x70\x64\x65\x61\x74\x68\x5f\x73\x69\x67\x6e\x61\x6c\0\x6a\x6f\x62\x63\
\x74\x6c\0\x70\x65\x72\x73\x6f\x6e\x61\x6c\x69\x74\x79\0\x73\x63\x68\x65\x64\
\x5f\x72\x65\x73\x65\x74\x5f\x6f\x6e\x5f\x66\x6f\x72\x6b\0\x73\x63\x68\x65\x64\
\x5f\x63\x6f\x6e\x74\x72\x69\x62\x75\x74\x65\x73\x5f\x74\x6f\x5f\x6c\x6f\x61\
\x64\0\x73\x63\x68\x65\x64\x5f\x6d\x69\x67\x72\x61\x74\x65\x64\0\x73\x63\x68\
\x65\x64\x5f\x72\x65\x6d\x6f\x74\x65\x5f\x77\x61\x6b\x65\x75\x70\0\x73\x63\x68\
\x65\x64\x5f\x72\x74\x5f\x6d\x75\x74\x65\x78\0\x69\x6e\x5f\x65\x78\x65\x63\x76\
\x65\0\x69\x6e\x5f\x69\x6f\x77\x61\x69\x74\0\x72\x65\x73\x74\x6f\x72\x65\x5f\
\x73\x69\x67\x6d\x61\x73\x6b\0\x69\x6e\x5f\x75\x73\x65\x72\x5f\x66\x61\x75\x6c\
\x74\0\x69\x6e\x5f\x6c\x72\x75\x5f\x66\x61\x75\x6c\x74\0\x6e\x6f\x5f\x63\x67\
\x72\x6f\x75\x70\x5f\x6d\x69\x67\x72\x61\x74\x69\x6f\x6e\0\x66\x72\x6f\x7a\x65\
\x6e\0\x75\x73\x65\x5f\x6d\x65\x6d\x64\x65\x6c\x61\x79\0\x69\x6e\x5f\x6d\x65\
\x6d\x73\x74\x61\x6c\x6c\0\x69\x6e\x5f\x65\x76\x65\x6e\x74\x66\x64\0\x70\x61\
\x73\x69\x64\x5f\x61\x63\x74\x69\x76\x61\x74\x65\x64\0\x72\x65\x70\x6f\x72\x74\
\x65\x64\x5f\x73\x70\x6c\x69\x74\x5f\x6c\x6f\x63\x6b\0\x69\x6e\x5f\x74\x68\x72\
\x61\x73\x68\x69\x6e\x67\0\x61\x74\x6f\x6d\x69\x63\x5f\x66\x6c\x61\x67\x73\0\
\x72\x65\x73\x74\x61\x72\x74\x5f\x62\x6c\x6f\x63\x6b\0\x70\x69\x64\0\x74\x67\
\x69\x64\0\x73\x74\x61\x63\x6b\x5f\x63\x61\x6e\x61\x72\x79\0\x72\x65\x61\x6c\
\x5f\x70\x61\x72\x65\x6e\x74\0\x70\x61\x72\x65\x6e\x74\0\x63\x68\x69\x6c\x64\
\x72\x65\x6e\0\x73\x69\x62\x6c\x69\x6e\x67\0\x67\x72\x6f\x75\x70\x5f\x6c\x65\
\x61\x64\x65\x72\0\x70\x74\x72\x61\x63\x65\x64\0\x70\x74\x72\x61\x63\x65\x5f\
\x65\x6e\x74\x72\x79\0\x74\x68\x72\x65\x61\x64\x5f\x70\x69\x64\0\x70\x69\x64\
\x5f\x6c\x69\x6e\x6b\x73\0\x74\x68\x72\x65\x61\x64\x5f\x6e\x6f\x64\x65\0\x76\
\x66\x6f\x72\x6b\x5f\x64\x6f\x6e\x65\0\x73\x65\x74\x5f\x63\x68\x69\x6c\x64\x5f\
\x74\x69\x64\0\x63\x6c\x65\x61\x72\x5f\x63\x68\x69\x6c\x64\x5f\x74\x69\x64\0\
\x77\x6f\x72\x6b\x65\x72\x5f\x70\x72\x69\x76\x61\x74\x65\0\x75\x74\x69\x6d\x65\
\0\x73\x74\x69\x6d\x65\0\x67\x74\x69\x6d\x65\0\x70\x72\x65\x76\x5f\x63\x70\x75\
\x74\x69\x6d\x65\0\x76\x74\x69\x6d\x65\0\x74\x69\x63\x6b\x5f\x64\x65\x70\x5f\
\x6d\x61\x73\x6b\0\x6e\x76\x63\x73\x77\0\x6e\x69\x76\x63\x73\x77\0\x73\x74\x61\
\x72\x74\x5f\x74\x69\x6d\x65\0\x73\x74\x61\x72\x74\x5f\x62\x6f\x6f\x74\x74\x69\
\x6d\x65\0\x6d\x69\x6e\x5f\x66\x6c\x74\0\x6d\x61\x6a\x5f\x66\x6c\x74\0\x70\x6f\
\x73\x69\x78\x5f\x63\x70\x75\x74\x69\x6d\x65\x72\x73\0\x70\x6f\x73\x69\x78\x5f\
\x63\x70\x75\x74\x69\x6d\x65\x72\x73\x5f\x77\x6f\x72\x6b\0\x70\x74\x72\x61\x63\
\x65\x72\x5f\x63\x72\x65\x64\0\x72\x65\x61\x6c\x5f\x63\x72\x65\x64\0\x63\x72\
\x65\x64\0\x63\x61\x63\x68\x65\x64\x5f\x72\x65\x71\x75\x65\x73\x74\x65\x64\x5f\
\x6b\x65\x79\0\x63\x6f\x6d\x6d\0\x6e\x61\x6d\x65\x69\x64\x61\x74\x61\0\x73\x79\
\x73\x76\x73\x65\x6d\0\x73\x79\x73\x76\x73\x68\x6d\0\x6c\x61\x73\x74\x5f\x73\
\x77\x69\x74\x63\x68\x5f\x63\x6f\x75\x6e\x74\0\x6c\x61\x73\x74\x5f\x73\x77\x69\
\x74\x63\x68\x5f\x74\x69\x6d\x65\0\x66\x73\0\x66\x69\x6c\x65\x73\0\x69\x6f\x5f\
\x75\x72\x69\x6e\x67\0\x6e\x73\x70\x72\x6f\x78\x79\0\x73\x69\x67\x6e\x61\x6c\0\
\x73\x69\x67\x68\x61\x6e\x64\0\x62\x6c\x6f\x63\x6b\x65\x64\0\x72\x65\x61\x6c\
\x5f\x62\x6c\x6f\x63\x6b\x65\x64\0\x73\x61\x76\x65\x64\x5f\x73\x69\x67\x6d\x61\
\x73\x6b\0\x70\x65\x6e\x64\x69\x6e\x67\0\x73\x61\x73\x5f\x73\x73\x5f\x73\x70\0\
\x73\x61\x73\x5f\x73\x73\x5f\x73\x69\x7a\x65\0\x73\x61\x73\x5f\x73\x73\x5f\x66\
\x6c\x61\x67\x73\0\x74\x61\x73\x6b\x5f\x77\x6f\x72\x6b\x73\0\x61\x75\x64\x69\
\x74\x5f\x63\x6f\x6e\x74\x65\x78\x74\0\x6c\x6f\x67\x69\x6e\x75\x69\x64\0\x73\
\x65\x73\x73\x69\x6f\x6e\x69\x64\0\x73\x65\x63\x63\x6f\x6d\x70\0\x73\x79\x73\
\x63\x61\x6c\x6c\x5f\x64\x69\x73\x70\x61\x74\x63\x68\0\x70\x61\x72\x65\x6e\x74\
\x5f\x65\x78\x65\x63\x5f\x69\x64\0\x73\x65\x6c\x66\x5f\x65\x78\x65\x63\x5f\x69\
\x64\0\x61\x6c\x6c\x6f\x63\x5f\x6c\x6f\x63\x6b\0\x70\x69\x5f\x6c\x6f\x63\x6b\0\
\x77\x61\x6b\x65\x5f\x71\0\x70\x69\x5f\x77\x61\x69\x74\x65\x72\x73\0\x70\x69\
\x5f\x74\x6f\x70\x5f\x74\x61\x73\x6b\0\x70\x69\x5f\x62\x6c\x6f\x63\x6b\x65\x64\
\x5f\x6f\x6e\0\x69\x6e\x5f\x75\x62\x73\x61\x6e\0\x6a\x6f\x75\x72\x6e\x61\x6c\
\x5f\x69\x6e\x66\x6f\0\x62\x69\x6f\x5f\x6c\x69\x73\x74\0\x70\x6c\x75\x67\0\x72\
\x65\x63\x6c\x61\x69\x6d\x5f\x73\x74\x61\x74\x65\0\x69\x6f\x5f\x63\x6f\x6e\x74\
\x65\x78\x74\0\x63\x61\x70\x74\x75\x72\x65\x5f\x63\x6f\x6e\x74\x72\x6f\x6c\0\
\x70\x74\x72\x61\x63\x65\x5f\x6d\x65\x73\x73\x61\x67\x65\0\x6c\x61\x73\x74\x5f\
\x73\x69\x67\x69\x6e\x66\x6f\0\x69\x6f\x61\x63\0\x70\x73\x69\x5f\x66\x6c\x61\
\x67\x73\0\x61\x63\x63\x74\x5f\x72\x73\x73\x5f\x6d\x65\x6d\x31\0\x61\x63\x63\
\x74\x5f\x76\x6d\x5f\x6d\x65\x6d\x31\0\x61\x63\x63\x74\x5f\x74\x69\x6d\x65\x78\
\x70\x64\0\x6d\x65\x6d\x73\x5f\x61\x6c\x6c\x6f\x77\x65\x64\0\x6d\x65\x6d\x73\
\x5f\x61\x6c\x6c\x6f\x77\x65\x64\x5f\x73\x65\x71\0\x63\x70\x75\x73\x65\x74\x5f\
\x6d\x65\x6d\x5f\x73\x70\x72\x65\x61\x64\x5f\x72\x6f\x74\x6f\x72\0\x63\x70\x75\
\x73\x65\x74\x5f\x73\x6c\x61\x62\x5f\x73\x70\x72\x65\x61\x64\x5f\x72\x6f\x74\
\x6f\x72\0\x63\x67\x72\x6f\x75\x70\x73\0\x63\x67\x5f\x6c\x69\x73\x74\0\x63\x6c\
\x6f\x73\x69\x64\0\x72\x6d\x69\x64\0\x72\x6f\x62\x75\x73\x74\x5f\x6c\x69\x73\
\x74\0\x63\x6f\x6d\x70\x61\x74\x5f\x72\x6f\x62\x75\x73\x74\x5f\x6c\x69\x73\x74\
\0\x70\x69\x5f\x73\x74\x61\x74\x65\x5f\x6c\x69\x73\x74\0\x70\x69\x5f\x73\x74\
\x61\x74\x65\x5f\x63\x61\x63\x68\x65\0\x66\x75\x74\x65\x78\x5f\x65\x78\x69\x74\
\x5f\x6d\x75\x74\x65\x78\0\x66\x75\x74\x65\x78\x5f\x73\x74\x61\x74\x65\0\x70\
\x65\x72\x66\x5f\x65\x76\x65\x6e\x74\x5f\x63\x74\x78\x70\0\x70\x65\x72\x66\x5f\
\x65\x76\x65\x6e\x74\x5f\x6d\x75\x74\x65\x78\0\x70\x65\x72\x66\x5f\x65\x76\x65\
\x6e\x74\x5f\x6c\x69\x73\x74\0\x6d\x65\x6d\x70\x6f\x6c\x69\x63\x79\0\x69\x6c\
\x5f\x70\x72\x65\x76\0\x70\x72\x65\x66\x5f\x6e\x6f\x64\x65\x5f\x66\x6f\x72\x6b\
\0\x6e\x75\x6d\x61\x5f\x73\x63\x61\x6e\x5f\x73\x65\x71\0\x6e\x75\x6d\x61\x5f\
\x73\x63\x61\x6e\x5f\x70\x65\x72\x69\x6f\x64\0\x6e\x75\x6d\x61\x5f\x73\x63\x61\
\x6e\x5f\x70\x65\x72\x69\x6f\x64\x5f\x6d\x61\x78\0\x6e\x75\x6d\x61\x5f\x70\x72\
\x65\x66\x65\x72\x72\x65\x64\x5f\x6e\x69\x64\0\x6e\x75\x6d\x61\x5f\x6d\x69\x67\
\x72\x61\x74\x65\x5f\x72\x65\x74\x72\x79\0\x6e\x6f\x64\x65\x5f\x73\x74\x61\x6d\
\x70\0\x6c\x61\x73\x74\x5f\x74\x61\x73\x6b\x5f\x6e\x75\x6d\x61\x5f\x70\x6c\x61\
\x63\x65\x6d\x65\x6e\x74\0\x6c\x61\x73\x74\x5f\x73\x75\x6d\x5f\x65\x78\x65\x63\
\x5f\x72\x75\x6e\x74\x69\x6d\x65\0\x6e\x75\x6d\x61\x5f\x77\x6f\x72\x6b\0\x6e\
\x75\x6d\x61\x5f\x67\x72\x6f\x75\x70\0\x6e\x75\x6d\x61\x5f\x66\x61\x75\x6c\x74\
\x73\0\x74\x6f\x74\x61\x6c\x5f\x6e\x75\x6d\x61\x5f\x66\x61\x75\x6c\x74\x73\0\
\x6e\x75\x6d\x61\x5f\x66\x61\x75\x6c\x74\x73\x5f\x6c\x6f\x63\x61\x6c\x69\x74\
\x79\0\x6e\x75\x6d\x61\x5f\x70\x61\x67\x65\x73\x5f\x6d\x69\x67\x72\x61\x74\x65\
\x64\0\x72\x73\x65\x71\0\x72\x73\x65\x71\x5f\x6c\x65\x6e\0\x72\x73\x65\x71\x5f\
\x73\x69\x67\0\x72\x73\x65\x71\x5f\x65\x76\x65\x6e\x74\x5f\x6d\x61\x73\x6b\0\
\x6d\x6d\x5f\x63\x69\x64\0\x6c\x61\x73\x74\x5f\x6d\x6d\x5f\x63\x69\x64\0\x6d\
\x69\x67\x72\x61\x74\x65\x5f\x66\x72\x6f\x6d\x5f\x63\x70\x75\0\x6d\x6d\x5f\x63\
\x69\x64\x5f\x61\x63\x74\x69\x76\x65\0\x63\x69\x64\x5f\x77\x6f\x72\x6b\0\x74\
\x6c\x62\x5f\x75\x62\x63\0\x73\x70\x6c\x69\x63\x65\x5f\x70\x69\x70\x65\0\x74\
\x61\x73\x6b\x5f\x66\x72\x61\x67\0\x64\x65\x6c\x61\x79\x73\0\x6e\x72\x5f\x64\
\x69\x72\x74\x69\x65\x64\0\x6e\x72\x5f\x64\x69\x72\x74\x69\x65\x64\x5f\x70\x61\
\x75\x73\x65\0\x64\x69\x72\x74\x79\x5f\x70\x61\x75\x73\x65\x64\x5f\x77\x68\x65\
\x6e\0\x6c\x61\x74\x65\x6e\x63\x79\x5f\x72\x65\x63\x6f\x72\x64\x5f\x63\x6f\x75\
\x6e\x74\0\x6c\x61\x74\x65\x6e\x63\x79\x5f\x72\x65\x63\x6f\x72\x64\0\x74\x69\
\x6d\x65\x72\x5f\x73\x6c\x61\x63\x6b\x5f\x6e\x73\0\x64\x65\x66\x61\x75\x6c\x74\
\x5f\x74\x69\x6d\x65\x72\x5f\x73\x6c\x61\x63\x6b\x5f\x6e\x73\0\x63\x75\x72\x72\
\x5f\x72\x65\x74\x5f\x73\x74\x61\x63\x6b\0\x63\x75\x72\x72\x5f\x72\x65\x74\x5f\
\x64\x65\x70\x74\x68\0\x72\x65\x74\x5f\x73\x74\x61\x63\x6b\0\x66\x74\x72\x61\
\x63\x65\x5f\x74\x69\x6d\x65\x73\x74\x61\x6d\x70\0\x74\x72\x61\x63\x65\x5f\x6f\
\x76\x65\x72\x72\x75\x6e\0\x74\x72\x61\x63\x69\x6e\x67\x5f\x67\x72\x61\x70\x68\
\x5f\x70\x61\x75\x73\x65\0\x74\x72\x61\x63\x65\x5f\x72\x65\x63\x75\x72\x73\x69\
\x6f\x6e\0\x6d\x65\x6d\x63\x67\x5f\x69\x6e\x5f\x6f\x6f\x6d\0\x6d\x65\x6d\x63\
\x67\x5f\x6f\x6f\x6d\x5f\x67\x66\x70\x5f\x6d\x61\x73\x6b\0\x6d\x65\x6d\x63\x67\
\x5f\x6f\x6f\x6d\x5f\x6f\x72\x64\x65\x72\0\x6d\x65\x6d\x63\x67\x5f\x6e\x72\x5f\
\x70\x61\x67\x65\x73\x5f\x6f\x76\x65\x72\x5f\x68\x69\x67\x68\0\x61\x63\x74\x69\
\x76\x65\x5f\x6d\x65\x6d\x63\x67\0\x6f\x62\x6a\x63\x67\0\x74\x68\x72\x6f\x74\
\x74\x6c\x65\x5f\x64\x69\x73\x6b\0\x75\x74\x61\x73\x6b\0\x73\x65\x71\x75\x65\
\x6e\x74\x69\x61\x6c\x5f\x69\x6f\0\x73\x65\x71\x75\x65\x6e\x74\x69\x61\x6c\x5f\
\x69\x6f\x5f\x61\x76\x67\0\x6b\x6d\x61\x70\x5f\x63\x74\x72\x6c\0\x72\x63\x75\0\
\x72\x63\x75\x5f\x75\x73\x65\x72\x73\0\x70\x61\x67\x65\x66\x61\x75\x6c\x74\x5f\
\x64\x69\x73\x61\x62\x6c\x65\x64\0\x6f\x6f\x6d\x5f\x72\x65\x61\x70\x65\x72\x5f\
\x6c\x69\x73\x74\0\x6f\x6f\x6d\x5f\x72\x65\x61\x70\x65\x72\x5f\x74\x69\x6d\x65\
\x72\0\x73\x74\x61\x63\x6b\x5f\x76\x6d\x5f\x61\x72\x65\x61\0\x73\x74\x61\x63\
\x6b\x5f\x72\x65\x66\x63\x6f\x75\x6e\x74\0\x70\x61\x74\x63\x68\x5f\x73\x74\x61\
\x74\x65\0\x73\x65\x63\x75\x72\x69\x74\x79\0\x62\x70\x66\x5f\x73\x74\x6f\x72\
\x61\x67\x65\0\x62\x70\x66\x5f\x63\x74\x78\0\x6d\x63\x65\x5f\x76\x61\x64\x64\
\x72\0\x6d\x63\x65\x5f\x6b\x66\x6c\x61\x67\x73\0\x6d\x63\x65\x5f\x61\x64\x64\
\x72\0\x6d\x63\x65\x5f\x72\x69\x70\x76\0\x6d\x63\x65\x5f\x77\x68\x6f\x6c\x65\
\x5f\x70\x61\x67\x65\0\x5f\x5f\x6d\x63\x65\x5f\x72\x65\x73\x65\x72\x76\x65\x64\
\0\x6d\x63\x65\x5f\x6b\x69\x6c\x6c\x5f\x6d\x65\0\x6d\x63\x65\x5f\x63\x6f\x75\
\x6e\x74\0\x6b\x72\x65\x74\x70\x72\x6f\x62\x65\x5f\x69\x6e\x73\x74\x61\x6e\x63\
\x65\x73\0\x72\x65\x74\x68\x6f\x6f\x6b\x73\0\x6c\x31\x64\x5f\x66\x6c\x75\x73\
\x68\x5f\x6b\x69\x6c\x6c\0\x72\x76\0\x75\x73\x65\x72\x5f\x65\x76\x65\x6e\x74\
\x5f\x6d\x6d\0\x74\x68\x72\x65\x61\x64\0\x73\x79\x73\x63\x61\x6c\x6c\x5f\x77\
\x6f\x72\x6b\0\x73\x74\x61\x74\x75\x73\0\x63\x70\x75\0\x75\x33\x32\0\x5f\x5f\
\x75\x33\x32\0\x75\x6e\x73\x69\x67\x6e\x65\x64\x20\x69\x6e\x74\0\x72\x65\x66\
\x63\x6f\x75\x6e\x74\x5f\x74\0\x72\x65\x66\x63\x6f\x75\x6e\x74\x5f\x73\x74\x72\
\x75\x63\x74\0\x72\x65\x66\x73\0\x61\x74\x6f\x6d\x69\x63\x5f\x74\0\x63\x6f\x75\
\x6e\x74\x65\x72\0\x5f\x5f\x63\x61\x6c\x6c\x5f\x73\x69\x6e\x67\x6c\x65\x5f\x6e\
\x6f\x64\x65\0\x6c\x6c\x69\x73\x74\0\x73\x72\x63\0\x64\x73\x74\0\x6c\x6c\x69\
\x73\x74\x5f\x6e\x6f\x64\x65\0\x6e\x65\x78\x74\0\x75\x5f\x66\x6c\x61\x67\x73\0\
\x61\x5f\x66\x6c\x61\x67\x73\0\x73\x63\x68\x65\x64\x5f\x65\x6e\x74\x69\x74\x79\
\0\x6c\x6f\x61\x64\0\x72\x75\x6e\x5f\x6e\x6f\x64\x65\0\x64\x65\x61\x64\x6c\x69\
\x6e\x65\0\x6d\x69\x6e\x5f\x76\x72\x75\x6e\x74\x69\x6d\x65\0\x67\x72\x6f\x75\
\x70\x5f\x6e\x6f\x64\x65\0\x65\x78\x65\x63\x5f\x73\x74\x61\x72\x74\0\x73\x75\
\x6d\x5f\x65\x78\x65\x63\x5f\x72\x75\x6e\x74\x69\x6d\x65\0\x70\x72\x65\x76\x5f\
\x73\x75\x6d\x5f\x65\x78\x65\x63\x5f\x72\x75\x6e\x74\x69\x6d\x65\0\x76\x72\x75\
\x6e\x74\x69\x6d\x65\0\x76\x6c\x61\x67\0\x73\x6c\x69\x63\x65\0\x6e\x72\x5f\x6d\
\x69\x67\x72\x61\x74\x69\x6f\x6e\x73\0\x64\x65\x70\x74\x68\0\x63\x66\x73\x5f\
\x72\x71\0\x6d\x79\x5f\x71\0\x72\x75\x6e\x6e\x61\x62\x6c\x65\x5f\x77\x65\x69\
\x67\x68\x74\0\x61\x76\x67\0\x6c\x6f\x61\x64\x5f\x77\x65\x69\x67\x68\x74\0\x77\
\x65\x69\x67\x68\x74\0\x69\x6e\x76\x5f\x77\x65\x69\x67\x68\x74\0\x72\x62\x5f\
\x6e\x6f\x64\x65\0\x5f\x5f\x72\x62\x5f\x70\x61\x72\x65\x6e\x74\x5f\x63\x6f\x6c\
\x6f\x72\0\x72\x62\x5f\x72\x69\x67\x68\x74\0\x72\x62\x5f\x6c\x65\x66\x74\0\x6c\
\x69\x73\x74\x5f\x68\x65\x61\x64\0\x70\x72\x65\x76\0\x73\x36\x34\0\x5f\x5f\x73\
\x36\x34\0\x6c\x6f\x6e\x67\x20\x6c\x6f\x6e\x67\0\x73\x63\x68\x65\x64\x5f\x61\
\x76\x67\0\x6c\x61\x73\x74\x5f\x75\x70\x64\x61\x74\x65\x5f\x74\x69\x6d\x65\0\
\x6c\x6f\x61\x64\x5f\x73\x75\x6d\0\x72\x75\x6e\x6e\x61\x62\x6c\x65\x5f\x73\x75\
\x6d\0\x75\x74\x69\x6c\x5f\x73\x75\x6d\0\x70\x65\x72\x69\x6f\x64\x5f\x63\x6f\
\x6e\x74\x72\x69\x62\0\x6c\x6f\x61\x64\x5f\x61\x76\x67\0\x72\x75\x6e\x6e\x61\
\x62\x6c\x65\x5f\x61\x76\x67\0\x75\x74\x69\x6c\x5f\x61\x76\x67\0\x75\x74\x69\
\x6c\x5f\x65\x73\x74\0\x73\x63\x68\x65\x64\x5f\x72\x74\x5f\x65\x6e\x74\x69\x74\
\x79\0\x72\x75\x6e\x5f\x6c\x69\x73\x74\0\x74\x69\x6d\x65\x6f\x75\x74\0\x77\x61\
\x74\x63\x68\x64\x6f\x67\x5f\x73\x74\x61\x6d\x70\0\x74\x69\x6d\x65\x5f\x73\x6c\
\x69\x63\x65\0\x6f\x6e\x5f\x6c\x69\x73\x74\0\x62\x61\x63\x6b\0\x73\x63\x68\x65\
\x64\x5f\x64\x6c\x5f\x65\x6e\x74\x69\x74\x79\0\x64\x6c\x5f\x72\x75\x6e\x74\x69\
\x6d\x65\0\x64\x6c\x5f\x64\x65\x61\x64\x6c\x69\x6e\x65\0\x64\x6c\x5f\x70\x65\
\x72\x69\x6f\x64\0\x64\x6c\x5f\x62\x77\0\x64\x6c\x5f\x64\x65\x6e\x73\x69\x74\
\x79\0\x72\x75\x6e\x74\x69\x6d\x65\0\x64\x6c\x5f\x74\x68\x72\x6f\x74\x74\x6c\
\x65\x64\0\x64\x6c\x5f\x79\x69\x65\x6c\x64\x65\x64\0\x64\x6c\x5f\x6e\x6f\x6e\
\x5f\x63\x6f\x6e\x74\x65\x6e\x64\x69\x6e\x67\0\x64\x6c\x5f\x6f\x76\x65\x72\x72\
\x75\x6e\0\x64\x6c\x5f\x74\x69\x6d\x65\x72\0\x69\x6e\x61\x63\x74\x69\x76\x65\
\x5f\x74\x69\x6d\x65\x72\0\x72\x71\0\x73\x65\x72\x76\x65\x72\x5f\x68\x61\x73\
\x5f\x74\x61\x73\x6b\x73\0\x73\x65\x72\x76\x65\x72\x5f\x70\x69\x63\x6b\0\x70\
\x69\x5f\x73\x65\0\x68\x72\x74\x69\x6d\x65\x72\0\x6e\x6f\x64\x65\0\x5f\x73\x6f\
\x66\x74\x65\x78\x70\x69\x72\x65\x73\0\x66\x75\x6e\x63\x74\x69\x6f\x6e\0\x62\
\x61\x73\x65\0\x73\x74\x61\x74\x65\0\x69\x73\x5f\x72\x65\x6c\0\x69\x73\x5f\x73\
\x6f\x66\x74\0\x69\x73\x5f\x68\x61\x72\x64\0\x74\x69\x6d\x65\x72\x71\x75\x65\
\x75\x65\x5f\x6e\x6f\x64\x65\0\x65\x78\x70\x69\x72\x65\x73\0\x6b\x74\x69\x6d\
\x65\x5f\x74\0\x68\x72\x74\x69\x6d\x65\x72\x5f\x72\x65\x73\x74\x61\x72\x74\0\
\x48\x52\x54\x49\x4d\x45\x52\x5f\x4e\x4f\x52\x45\x53\x54\x41\x52\x54\0\x48\x52\
\x54\x49\x4d\x45\x52\x5f\x52\x45\x53\x54\x41\x52\x54\0\x75\x38\0\x5f\x5f\x75\
\x38\0\x75\x6e\x73\x69\x67\x6e\x65\x64\x20\x63\x68\x61\x72\0\x64\x6c\x5f\x73\
\x65\x72\x76\x65\x72\x5f\x68\x61\x73\x5f\x74\x61\x73\x6b\x73\x5f\x66\0\x62\x6f\
\x6f\x6c\0\x5f\x42\x6f\x6f\x6c\0\x64\x6c\x5f\x73\x65\x72\x76\x65\x72\x5f\x70\
\x69\x63\x6b\x5f\x66\0\x75\x63\x6c\x61\x6d\x70\x5f\x73\x65\0\x76\x61\x6c\x75\
\x65\0\x62\x75\x63\x6b\x65\x74\x5f\x69\x64\0\x61\x63\x74\x69\x76\x65\0\x75\x73\
\x65\x72\x5f\x64\x65\x66\x69\x6e\x65\x64\0\x5f\x5f\x41\x52\x52\x41\x59\x5f\x53\
\x49\x5a\x45\x5f\x54\x59\x50\x45\x5f\x5f\0\x73\x63\x68\x65\x64\x5f\x73\x74\x61\
\x74\x69\x73\x74\x69\x63\x73\0\x77\x61\x69\x74\x5f\x73\x74\x61\x72\x74\0\x77\
\x61\x69\x74\x5f\x6d\x61\x78\0\x77\x61\x69\x74\x5f\x63\x6f\x75\x6e\x74\0\x77\
\x61\x69\x74\x5f\x73\x75\x6d\0\x69\x6f\x77\x61\x69\x74\x5f\x63\x6f\x75\x6e\x74\
\0\x69\x6f\x77\x61\x69\x74\x5f\x73\x75\x6d\0\x73\x6c\x65\x65\x70\x5f\x73\x74\
\x61\x72\x74\0\x73\x6c\x65\x65\x70\x5f\x6d\x61\x78\0\x73\x75\x6d\x5f\x73\x6c\
\x65\x65\x70\x5f\x72\x75\x6e\x74\x69\x6d\x65\0\x62\x6c\x6f\x63\x6b\x5f\x73\x74\
\x61\x72\x74\0\x62\x6c\x6f\x63\x6b\x5f\x6d\x61\x78\0\x73\x75\x6d\x5f\x62\x6c\
\x6f\x63\x6b\x5f\x72\x75\x6e\x74\x69\x6d\x65\0\x65\x78\x65\x63\x5f\x6d\x61\x78\
\0\x73\x6c\x69\x63\x65\x5f\x6d\x61\x78\0\x6e\x72\x5f\x6d\x69\x67\x72\x61\x74\
\x69\x6f\x6e\x73\x5f\x63\x6f\x6c\x64\0\x6e\x72\x5f\x66\x61\x69\x6c\x65\x64\x5f\
\x6d\x69\x67\x72\x61\x74\x69\x6f\x6e\x73\x5f\x61\x66\x66\x69\x6e\x65\0\x6e\x72\
\x5f\x66\x61\x69\x6c\x65\x64\x5f\x6d\x69\x67\x72\x61\x74\x69\x6f\x6e\x73\x5f\
\x72\x75\x6e\x6e\x69\x6e\x67\0\x6e\x72\x5f\x66\x61\x69\x6c\x65\x64\x5f\x6d\x69\
\x67\x72\x61\x74\x69\x6f\x6e\x73\x5f\x68\x6f\x74\0\x6e\x72\x5f\x66\x6f\x72\x63\
\x65\x64\x5f\x6d\x69\x67\x72\x61\x74\x69\x6f\x6e\x73\0\x6e\x72\x5f\x77\x61\x6b\
\x65\x75\x70\x73\0\x6e\x72\x5f\x77\x61\x6b\x65\x75\x70\x73\x5f\x73\x79\x6e\x63\
\0\x6e\x72\x5f\x77\x61\x6b\x65\x75\x70\x73\x5f\x6d\x69\x67\x72\x61\x74\x65\0\
\x6e\x72\x5f\x77\x61\x6b\x65\x75\x70\x73\x5f\x6c\x6f\x63\x61\x6c\0\x6e\x72\x5f\
\x77\x61\x6b\x65\x75\x70\x73\x5f\x72\x65\x6d\x6f\x74\x65\0\x6e\x72\x5f\x77\x61\
\x6b\x65\x75\x70\x73\x5f\x61\x66\x66\x69\x6e\x65\0\x6e\x72\x5f\x77\x61\x6b\x65\
\x75\x70\x73\x5f\x61\x66\x66\x69\x6e\x65\x5f\x61\x74\x74\x65\x6d\x70\x74\x73\0\
\x6e\x72\x5f\x77\x61\x6b\x65\x75\x70\x73\x5f\x70\x61\x73\x73\x69\x76\x65\0\x6e\
\x72\x5f\x77\x61\x6b\x65\x75\x70\x73\x5f\x69\x64\x6c\x65\0\x63\x6f\x72\x65\x5f\
\x66\x6f\x72\x63\x65\x69\x64\x6c\x65\x5f\x73\x75\x6d\0\x68\x6c\x69\x73\x74\x5f\
\x68\x65\x61\x64\0\x66\x69\x72\x73\x74\0\x63\x70\x75\x6d\x61\x73\x6b\x5f\x74\0\
\x63\x70\x75\x6d\x61\x73\x6b\0\x62\x69\x74\x73\0\x72\x63\x75\x5f\x73\x70\x65\
\x63\x69\x61\x6c\0\x62\0\x73\0\x6e\x65\x65\x64\x5f\x71\x73\0\x65\x78\x70\x5f\
\x68\x69\x6e\x74\0\x6e\x65\x65\x64\x5f\x6d\x62\0\x70\x63\x6f\x75\x6e\x74\0\x72\
\x75\x6e\x5f\x64\x65\x6c\x61\x79\0\x6c\x61\x73\x74\x5f\x61\x72\x72\x69\x76\x61\
\x6c\0\x6c\x61\x73\x74\x5f\x71\x75\x65\x75\x65\x64\0\x70\x6c\x69\x73\x74\x5f\
\x6e\x6f\x64\x65\0\x70\x72\x69\x6f\x5f\x6c\x69\x73\x74\0\x6e\x6f\x64\x65\x5f\
\x6c\x69\x73\x74\0\x61\x72\x63\x68\x5f\x64\x61\x74\x61\0\x66\x6e\0\x6c\x6f\x6e\
\x67\0\x66\x75\x74\x65\x78\0\x6e\x61\x6e\x6f\x73\x6c\x65\x65\x70\0\x70\x6f\x6c\
\x6c\0\x75\x61\x64\x64\x72\0\x76\x61\x6c\0\x62\x69\x74\x73\x65\x74\0\x74\x69\
\x6d\x65\0\x75\x61\x64\x64\x72\x32\0\x63\x6c\x6f\x63\x6b\x69\x64\0\x63\x6c\x6f\
\x63\x6b\x69\x64\x5f\x74\0\x5f\x5f\x6b\x65\x72\x6e\x65\x6c\x5f\x63\x6c\x6f\x63\
\x6b\x69\x64\x5f\x74\0\x74\x69\x6d\x65\x73\x70\x65\x63\x5f\x74\x79\x70\x65\0\
\x54\x54\x5f\x4e\x4f\x4e\x45\0\x54\x54\x5f\x4e\x41\x54\x49\x56\x45\0\x54\x54\
\x5f\x43\x4f\x4d\x50\x41\x54\0\x72\x6d\x74\x70\0\x63\x6f\x6d\x70\x61\x74\x5f\
\x72\x6d\x74\x70\0\x75\x66\x64\x73\0\x6e\x66\x64\x73\0\x68\x61\x73\x5f\x74\x69\
\x6d\x65\x6f\x75\x74\0\x74\x76\x5f\x73\x65\x63\0\x74\x76\x5f\x6e\x73\x65\x63\0\
\x70\x69\x64\x5f\x74\0\x5f\x5f\x6b\x65\x72\x6e\x65\x6c\x5f\x70\x69\x64\x5f\x74\
\0\x68\x6c\x69\x73\x74\x5f\x6e\x6f\x64\x65\0\x70\x70\x72\x65\x76\0\x6c\x6f\x63\
\x6b\0\x72\x61\x77\x5f\x73\x70\x69\x6e\x6c\x6f\x63\x6b\x5f\x74\0\x72\x61\x77\
\x5f\x73\x70\x69\x6e\x6c\x6f\x63\x6b\0\x72\x61\x77\x5f\x6c\x6f\x63\x6b\0\x61\
\x72\x63\x68\x5f\x73\x70\x69\x6e\x6c\x6f\x63\x6b\x5f\x74\0\x71\x73\x70\x69\x6e\
\x6c\x6f\x63\x6b\0\x6c\x6f\x63\x6b\x65\x64\0\x6c\x6f\x63\x6b\x65\x64\x5f\x70\
\x65\x6e\x64\x69\x6e\x67\0\x74\x61\x69\x6c\0\x73\x65\x71\x63\x6f\x75\x6e\x74\0\
\x73\x74\x61\x72\x74\x74\x69\x6d\x65\0\x73\x65\x71\x63\x6f\x75\x6e\x74\x5f\x74\
\0\x73\x65\x71\x75\x65\x6e\x63\x65\0\x76\x74\x69\x6d\x65\x5f\x73\x74\x61\x74\
\x65\0\x56\x54\x49\x4d\x45\x5f\x49\x4e\x41\x43\x54\x49\x56\x45\0\x56\x54\x49\
\x4d\x45\x5f\x49\x44\x4c\x45\0\x56\x54\x49\x4d\x45\x5f\x53\x59\x53\0\x56\x54\
\x49\x4d\x45\x5f\x55\x53\x45\x52\0\x56\x54\x49\x4d\x45\x5f\x47\x55\x45\x53\x54\
\0\x62\x61\x73\x65\x73\0\x74\x69\x6d\x65\x72\x73\x5f\x61\x63\x74\x69\x76\x65\0\
\x65\x78\x70\x69\x72\x79\x5f\x61\x63\x74\x69\x76\x65\0\x70\x6f\x73\x69\x78\x5f\
\x63\x70\x75\x74\x69\x6d\x65\x72\x5f\x62\x61\x73\x65\0\x6e\x65\x78\x74\x65\x76\
\x74\0\x74\x71\x68\x65\x61\x64\0\x74\x69\x6d\x65\x72\x71\x75\x65\x75\x65\x5f\
\x68\x65\x61\x64\0\x72\x62\x5f\x72\x6f\x6f\x74\0\x72\x62\x5f\x72\x6f\x6f\x74\
\x5f\x63\x61\x63\x68\x65\x64\0\x72\x62\x5f\x6c\x65\x66\x74\x6d\x6f\x73\x74\0\
\x77\x6f\x72\x6b\0\x6d\x75\x74\x65\x78\0\x73\x63\x68\x65\x64\x75\x6c\x65\x64\0\
\x63\x61\x6c\x6c\x62\x61\x63\x6b\x5f\x68\x65\x61\x64\0\x66\x75\x6e\x63\0\x6f\
\x77\x6e\x65\x72\0\x77\x61\x69\x74\x5f\x6c\x6f\x63\x6b\0\x6f\x73\x71\0\x77\x61\
\x69\x74\x5f\x6c\x69\x73\x74\0\x61\x74\x6f\x6d\x69\x63\x5f\x6c\x6f\x6e\x67\x5f\
\x74\0\x61\x74\x6f\x6d\x69\x63\x36\x34\x5f\x74\0\x6f\x70\x74\x69\x6d\x69\x73\
\x74\x69\x63\x5f\x73\x70\x69\x6e\x5f\x71\x75\x65\x75\x65\0\x75\x69\x64\0\x67\
\x69\x64\0\x73\x75\x69\x64\0\x73\x67\x69\x64\0\x65\x75\x69\x64\0\x65\x67\x69\
\x64\0\x66\x73\x75\x69\x64\0\x66\x73\x67\x69\x64\0\x73\x65\x63\x75\x72\x65\x62\
\x69\x74\x73\0\x63\x61\x70\x5f\x69\x6e\x68\x65\x72\x69\x74\x61\x62\x6c\x65\0\
\x63\x61\x70\x5f\x70\x65\x72\x6d\x69\x74\x74\x65\x64\0\x63\x61\x70\x5f\x65\x66\
\x66\x65\x63\x74\x69\x76\x65\0\x63\x61\x70\x5f\x62\x73\x65\x74\0\x63\x61\x70\
\x5f\x61\x6d\x62\x69\x65\x6e\x74\0\x6a\x69\x74\x5f\x6b\x65\x79\x72\x69\x6e\x67\
\0\x73\x65\x73\x73\x69\x6f\x6e\x5f\x6b\x65\x79\x72\x69\x6e\x67\0\x70\x72\x6f\
\x63\x65\x73\x73\x5f\x6b\x65\x79\x72\x69\x6e\x67\0\x74\x68\x72\x65\x61\x64\x5f\
\x6b\x65\x79\x72\x69\x6e\x67\0\x72\x65\x71\x75\x65\x73\x74\x5f\x6b\x65\x79\x5f\
\x61\x75\x74\x68\0\x75\x73\x65\x72\0\x75\x73\x65\x72\x5f\x6e\x73\0\x75\x63\x6f\
\x75\x6e\x74\x73\0\x67\x72\x6f\x75\x70\x5f\x69\x6e\x66\x6f\0\x6b\x75\x69\x64\
\x5f\x74\0\x75\x69\x64\x5f\x74\0\x5f\x5f\x6b\x65\x72\x6e\x65\x6c\x5f\x75\x69\
\x64\x33\x32\x5f\x74\0\x6b\x67\x69\x64\x5f\x74\0\x67\x69\x64\x5f\x74\0\x5f\x5f\
\x6b\x65\x72\x6e\x65\x6c\x5f\x67\x69\x64\x33\x32\x5f\x74\0\x6b\x65\x72\x6e\x65\
\x6c\x5f\x63\x61\x70\x5f\x74\0\x6e\x6f\x6e\x5f\x72\x63\x75\0\x63\x68\x61\x72\0\
\x73\x79\x73\x76\x5f\x73\x65\x6d\0\x75\x6e\x64\x6f\x5f\x6c\x69\x73\x74\0\x73\
\x79\x73\x76\x5f\x73\x68\x6d\0\x73\x68\x6d\x5f\x63\x6c\x69\x73\x74\0\x73\x69\
\x67\x73\x65\x74\x5f\x74\0\x73\x69\x67\0\x73\x69\x67\x70\x65\x6e\x64\x69\x6e\
\x67\0\x6c\x69\x73\x74\0\x73\x69\x7a\x65\x5f\x74\0\x5f\x5f\x6b\x65\x72\x6e\x65\
\x6c\x5f\x73\x69\x7a\x65\x5f\x74\0\x5f\x5f\x6b\x65\x72\x6e\x65\x6c\x5f\x75\x6c\
\x6f\x6e\x67\x5f\x74\0\x6d\x6f\x64\x65\0\x66\x69\x6c\x74\x65\x72\x5f\x63\x6f\
\x75\x6e\x74\0\x66\x69\x6c\x74\x65\x72\0\x73\x79\x73\x63\x61\x6c\x6c\x5f\x75\
\x73\x65\x72\x5f\x64\x69\x73\x70\x61\x74\x63\x68\0\x73\x65\x6c\x65\x63\x74\x6f\
\x72\0\x6f\x66\x66\x73\x65\x74\0\x6c\x65\x6e\0\x6f\x6e\x5f\x64\x69\x73\x70\x61\
\x74\x63\x68\0\x73\x70\x69\x6e\x6c\x6f\x63\x6b\x5f\x74\0\x73\x70\x69\x6e\x6c\
\x6f\x63\x6b\0\x72\x6c\x6f\x63\x6b\0\x77\x61\x6b\x65\x5f\x71\x5f\x6e\x6f\x64\
\x65\0\x6b\x65\x72\x6e\x65\x6c\x5f\x73\x69\x67\x69\x6e\x66\x6f\x5f\x74\0\x74\
\x61\x73\x6b\x5f\x69\x6f\x5f\x61\x63\x63\x6f\x75\x6e\x74\x69\x6e\x67\0\x72\x63\
\x68\x61\x72\0\x77\x63\x68\x61\x72\0\x73\x79\x73\x63\x72\0\x73\x79\x73\x63\x77\
\0\x72\x65\x61\x64\x5f\x62\x79\x74\x65\x73\0\x77\x72\x69\x74\x65\x5f\x62\x79\
\x74\x65\x73\0\x63\x61\x6e\x63\x65\x6c\x6c\x65\x64\x5f\x77\x72\x69\x74\x65\x5f\
\x62\x79\x74\x65\x73\0\x6e\x6f\x64\x65\x6d\x61\x73\x6b\x5f\x74\0\x73\x65\x71\
\x63\x6f\x75\x6e\x74\x5f\x73\x70\x69\x6e\x6c\x6f\x63\x6b\x5f\x74\0\x73\x65\x71\
\x63\x6f\x75\x6e\x74\x5f\x73\x70\x69\x6e\x6c\x6f\x63\x6b\0\x73\x68\x6f\x72\x74\
\0\x74\x6c\x62\x66\x6c\x75\x73\x68\x5f\x75\x6e\x6d\x61\x70\x5f\x62\x61\x74\x63\
\x68\0\x61\x72\x63\x68\0\x66\x6c\x75\x73\x68\x5f\x72\x65\x71\x75\x69\x72\x65\
\x64\0\x77\x72\x69\x74\x61\x62\x6c\x65\0\x61\x72\x63\x68\x5f\x74\x6c\x62\x66\
\x6c\x75\x73\x68\x5f\x75\x6e\x6d\x61\x70\x5f\x62\x61\x74\x63\x68\0\x70\x61\x67\
\x65\x5f\x66\x72\x61\x67\0\x70\x61\x67\x65\0\x73\x69\x7a\x65\0\x62\x61\x63\x6b\
\x74\x72\x61\x63\x65\0\x63\x6f\x75\x6e\x74\0\x6d\x61\x78\0\x67\x66\x70\x5f\x74\
\0\x74\x69\x6d\x65\x72\x5f\x6c\x69\x73\x74\0\x65\x6e\x74\x72\x79\0\x6c\x6c\x69\
\x73\x74\x5f\x68\x65\x61\x64\0\x72\x76\x5f\x74\x61\x73\x6b\x5f\x6d\x6f\x6e\x69\
\x74\x6f\x72\0\x64\x61\x5f\x6d\x6f\x6e\0\x64\x61\x5f\x6d\x6f\x6e\x69\x74\x6f\
\x72\0\x6d\x6f\x6e\x69\x74\x6f\x72\x69\x6e\x67\0\x63\x75\x72\x72\x5f\x73\x74\
\x61\x74\x65\0\x74\x68\x72\x65\x61\x64\x5f\x73\x74\x72\x75\x63\x74\0\x74\x6c\
\x73\x5f\x61\x72\x72\x61\x79\0\x65\x73\0\x64\x73\0\x66\x73\x69\x6e\x64\x65\x78\
\0\x67\x73\x69\x6e\x64\x65\x78\0\x66\x73\x62\x61\x73\x65\0\x67\x73\x62\x61\x73\
\x65\0\x70\x74\x72\x61\x63\x65\x5f\x62\x70\x73\0\x76\x69\x72\x74\x75\x61\x6c\
\x5f\x64\x72\x36\0\x70\x74\x72\x61\x63\x65\x5f\x64\x72\x37\0\x63\x72\x32\0\x74\
\x72\x61\x70\x5f\x6e\x72\0\x65\x72\x72\x6f\x72\x5f\x63\x6f\x64\x65\0\x69\x6f\
\x5f\x62\x69\x74\x6d\x61\x70\0\x69\x6f\x70\x6c\x5f\x65\x6d\x75\x6c\0\x69\x6f\
\x70\x6c\x5f\x77\x61\x72\x6e\0\x70\x6b\x72\x75\0\x66\x65\x61\x74\x75\x72\x65\
\x73\0\x66\x65\x61\x74\x75\x72\x65\x73\x5f\x6c\x6f\x63\x6b\x65\x64\0\x73\x68\
\x73\x74\x6b\0\x66\x70\x75\0\x64\x65\x73\x63\x5f\x73\x74\x72\x75\x63\x74\0\x6c\
\x69\x6d\x69\x74\x30\0\x62\x61\x73\x65\x30\0\x62\x61\x73\x65\x31\0\x64\x70\x6c\
\0\x70\0\x6c\x69\x6d\x69\x74\x31\0\x61\x76\x6c\0\x6c\0\x64\0\x67\0\x62\x61\x73\
\x65\x32\0\x70\x65\x72\x66\x5f\x65\x76\x65\x6e\x74\0\x65\x76\x65\x6e\x74\x5f\
\x65\x6e\x74\x72\x79\0\x73\x69\x62\x6c\x69\x6e\x67\x5f\x6c\x69\x73\x74\0\x61\
\x63\x74\x69\x76\x65\x5f\x6c\x69\x73\x74\0\x67\x72\x6f\x75\x70\x5f\x69\x6e\x64\
\x65\x78\0\x6d\x69\x67\x72\x61\x74\x65\x5f\x65\x6e\x74\x72\x79\0\x68\x6c\x69\
\x73\x74\x5f\x65\x6e\x74\x72\x79\0\x61\x63\x74\x69\x76\x65\x5f\x65\x6e\x74\x72\
\x79\0\x6e\x72\x5f\x73\x69\x62\x6c\x69\x6e\x67\x73\0\x65\x76\x65\x6e\x74\x5f\
\x63\x61\x70\x73\0\x67\x72\x6f\x75\x70\x5f\x63\x61\x70\x73\0\x67\x72\x6f\x75\
\x70\x5f\x67\x65\x6e\x65\x72\x61\x74\x69\x6f\x6e\0\x70\x6d\x75\0\x70\x6d\x75\
\x5f\x70\x72\x69\x76\x61\x74\x65\0\x61\x74\x74\x61\x63\x68\x5f\x73\x74\x61\x74\
\x65\0\x63\x68\x69\x6c\x64\x5f\x63\x6f\x75\x6e\x74\0\x74\x6f\x74\x61\x6c\x5f\
\x74\x69\x6d\x65\x5f\x65\x6e\x61\x62\x6c\x65\x64\0\x74\x6f\x74\x61\x6c\x5f\x74\
\x69\x6d\x65\x5f\x72\x75\x6e\x6e\x69\x6e\x67\0\x74\x73\x74\x61\x6d\x70\0\x61\
\x74\x74\x72\0\x68\x65\x61\x64\x65\x72\x5f\x73\x69\x7a\x65\0\x69\x64\x5f\x68\
\x65\x61\x64\x65\x72\x5f\x73\x69\x7a\x65\0\x72\x65\x61\x64\x5f\x73\x69\x7a\x65\
\0\x68\x77\0\x70\x6d\x75\x5f\x63\x74\x78\0\x72\x65\x66\x63\x6f\x75\x6e\x74\0\
\x63\x68\x69\x6c\x64\x5f\x74\x6f\x74\x61\x6c\x5f\x74\x69\x6d\x65\x5f\x65\x6e\
\x61\x62\x6c\x65\x64\0\x63\x68\x69\x6c\x64\x5f\x74\x6f\x74\x61\x6c\x5f\x74\x69\
\x6d\x65\x5f\x72\x75\x6e\x6e\x69\x6e\x67\0\x63\x68\x69\x6c\x64\x5f\x6d\x75\x74\
\x65\x78\0\x63\x68\x69\x6c\x64\x5f\x6c\x69\x73\x74\0\x6f\x6e\x63\x70\x75\0\x6f\
\x77\x6e\x65\x72\x5f\x65\x6e\x74\x72\x79\0\x6d\x6d\x61\x70\x5f\x6d\x75\x74\x65\
\x78\0\x6d\x6d\x61\x70\x5f\x63\x6f\x75\x6e\x74\0\x72\x62\0\x72\x62\x5f\x65\x6e\
\x74\x72\x79\0\x72\x63\x75\x5f\x62\x61\x74\x63\x68\x65\x73\0\x72\x63\x75\x5f\
\x70\x65\x6e\x64\x69\x6e\x67\0\x77\x61\x69\x74\x71\0\x66\x61\x73\x79\x6e\x63\0\
\x70\x65\x6e\x64\x69\x6e\x67\x5f\x77\x61\x6b\x65\x75\x70\0\x70\x65\x6e\x64\x69\
\x6e\x67\x5f\x6b\x69\x6c\x6c\0\x70\x65\x6e\x64\x69\x6e\x67\x5f\x64\x69\x73\x61\
\x62\x6c\x65\0\x70\x65\x6e\x64\x69\x6e\x67\x5f\x73\x69\x67\x74\x72\x61\x70\0\
\x70\x65\x6e\x64\x69\x6e\x67\x5f\x61\x64\x64\x72\0\x70\x65\x6e\x64\x69\x6e\x67\
\x5f\x69\x72\x71\0\x70\x65\x6e\x64\x69\x6e\x67\x5f\x74\x61\x73\x6b\0\x70\x65\
\x6e\x64\x69\x6e\x67\x5f\x77\x6f\x72\x6b\0\x70\x65\x6e\x64\x69\x6e\x67\x5f\x77\
\x6f\x72\x6b\x5f\x77\x61\x69\x74\0\x65\x76\x65\x6e\x74\x5f\x6c\x69\x6d\x69\x74\
\0\x61\x64\x64\x72\x5f\x66\x69\x6c\x74\x65\x72\x73\0\x61\x64\x64\x72\x5f\x66\
\x69\x6c\x74\x65\x72\x5f\x72\x61\x6e\x67\x65\x73\0\x61\x64\x64\x72\x5f\x66\x69\
\x6c\x74\x65\x72\x73\x5f\x67\x65\x6e\0\x61\x75\x78\x5f\x65\x76\x65\x6e\x74\0\
\x64\x65\x73\x74\x72\x6f\x79\0\x6e\x73\0\x69\x64\0\x6c\x6f\x73\x74\x5f\x73\x61\
\x6d\x70\x6c\x65\x73\0\x63\x6c\x6f\x63\x6b\0\x6f\x76\x65\x72\x66\x6c\x6f\x77\
\x5f\x68\x61\x6e\x64\x6c\x65\x72\0\x6f\x76\x65\x72\x66\x6c\x6f\x77\x5f\x68\x61\
\x6e\x64\x6c\x65\x72\x5f\x63\x6f\x6e\x74\x65\x78\x74\0\x6f\x72\x69\x67\x5f\x6f\
\x76\x65\x72\x66\x6c\x6f\x77\x5f\x68\x61\x6e\x64\x6c\x65\x72\0\x70\x72\x6f\x67\
\0\x62\x70\x66\x5f\x63\x6f\x6f\x6b\x69\x65\0\x74\x70\x5f\x65\x76\x65\x6e\x74\0\
\x66\x74\x72\x61\x63\x65\x5f\x6f\x70\x73\0\x63\x67\x72\x70\0\x73\x62\x5f\x6c\
\x69\x73\x74\0\x6f\x72\x69\x67\x5f\x74\x79\x70\x65\0\x70\x65\x72\x66\x5f\x65\
\x76\x65\x6e\x74\x5f\x73\x74\x61\x74\x65\0\x50\x45\x52\x46\x5f\x45\x56\x45\x4e\
\x54\x5f\x53\x54\x41\x54\x45\x5f\x44\x45\x41\x44\0\x50\x45\x52\x46\x5f\x45\x56\
\x45\x4e\x54\x5f\x53\x54\x41\x54\x45\x5f\x45\x58\x49\x54\0\x50\x45\x52\x46\x5f\
\x45\x56\x45\x4e\x54\x5f\x53\x54\x41\x54\x45\x5f\x45\x52\x52\x4f\x52\0\x50\x45\
\x52\x46\x5f\x45\x56\x45\x4e\x54\x5f\x53\x54\x41\x54\x45\x5f\x4f\x46\x46\0\x50\
\x45\x52\x46\x5f\x45\x56\x45\x4e\x54\x5f\x53\x54\x41\x54\x45\x5f\x49\x4e\x41\
\x43\x54\x49\x56\x45\0\x50\x45\x52\x46\x5f\x45\x56\x45\x4e\x54\x5f\x53\x54\x41\
\x54\x45\x5f\x41\x43\x54\x49\x56\x45\0\x6c\x6f\x63\x61\x6c\x36\x34\x5f\x74\0\
\x61\0\x6c\x6f\x63\x61\x6c\x5f\x74\0\x70\x65\x72\x66\x5f\x65\x76\x65\x6e\x74\
\x5f\x61\x74\x74\x72\0\x63\x6f\x6e\x66\x69\x67\0\x73\x61\x6d\x70\x6c\x65\x5f\
\x74\x79\x70\x65\0\x72\x65\x61\x64\x5f\x66\x6f\x72\x6d\x61\x74\0\x64\x69\x73\
\x61\x62\x6c\x65\x64\0\x69\x6e\x68\x65\x72\x69\x74\0\x70\x69\x6e\x6e\x65\x64\0\
\x65\x78\x63\x6c\x75\x73\x69\x76\x65\0\x65\x78\x63\x6c\x75\x64\x65\x5f\x75\x73\
\x65\x72\0\x65\x78\x63\x6c\x75\x64\x65\x5f\x6b\x65\x72\x6e\x65\x6c\0\x65\x78\
\x63\x6c\x75\x64\x65\x5f\x68\x76\0\x65\x78\x63\x6c\x75\x64\x65\x5f\x69\x64\x6c\
\x65\0\x6d\x6d\x61\x70\0\x66\x72\x65\x71\0\x69\x6e\x68\x65\x72\x69\x74\x5f\x73\
\x74\x61\x74\0\x65\x6e\x61\x62\x6c\x65\x5f\x6f\x6e\x5f\x65\x78\x65\x63\0\x74\
\x61\x73\x6b\0\x77\x61\x74\x65\x72\x6d\x61\x72\x6b\0\x70\x72\x65\x63\x69\x73\
\x65\x5f\x69\x70\0\x6d\x6d\x61\x70\x5f\x64\x61\x74\x61\0\x73\x61\x6d\x70\x6c\
\x65\x5f\x69\x64\x5f\x61\x6c\x6c\0\x65\x78\x63\x6c\x75\x64\x65\x5f\x68\x6f\x73\
\x74\0\x65\x78\x63\x6c\x75\x64\x65\x5f\x67\x75\x65\x73\x74\0\x65\x78\x63\x6c\
\x75\x64\x65\x5f\x63\x61\x6c\x6c\x63\x68\x61\x69\x6e\x5f\x6b\x65\x72\x6e\x65\
\x6c\0\x65\x78\x63\x6c\x75\x64\x65\x5f\x63\x61\x6c\x6c\x63\x68\x61\x69\x6e\x5f\
\x75\x73\x65\x72\0\x6d\x6d\x61\x70\x32\0\x63\x6f\x6d\x6d\x5f\x65\x78\x65\x63\0\
\x75\x73\x65\x5f\x63\x6c\x6f\x63\x6b\x69\x64\0\x63\x6f\x6e\x74\x65\x78\x74\x5f\
\x73\x77\x69\x74\x63\x68\0\x77\x72\x69\x74\x65\x5f\x62\x61\x63\x6b\x77\x61\x72\
\x64\0\x6e\x61\x6d\x65\x73\x70\x61\x63\x65\x73\0\x6b\x73\x79\x6d\x62\x6f\x6c\0\
\x62\x70\x66\x5f\x65\x76\x65\x6e\x74\0\x61\x75\x78\x5f\x6f\x75\x74\x70\x75\x74\
\0\x63\x67\x72\x6f\x75\x70\0\x74\x65\x78\x74\x5f\x70\x6f\x6b\x65\0\x62\x75\x69\
\x6c\x64\x5f\x69\x64\0\x69\x6e\x68\x65\x72\x69\x74\x5f\x74\x68\x72\x65\x61\x64\
\0\x72\x65\x6d\x6f\x76\x65\x5f\x6f\x6e\x5f\x65\x78\x65\x63\0\x73\x69\x67\x74\
\x72\x61\x70\0\x5f\x5f\x72\x65\x73\x65\x72\x76\x65\x64\x5f\x31\0\x62\x70\x5f\
\x74\x79\x70\x65\0\x62\x72\x61\x6e\x63\x68\x5f\x73\x61\x6d\x70\x6c\x65\x5f\x74\
\x79\x70\x65\0\x73\x61\x6d\x70\x6c\x65\x5f\x72\x65\x67\x73\x5f\x75\x73\x65\x72\
\0\x73\x61\x6d\x70\x6c\x65\x5f\x73\x74\x61\x63\x6b\x5f\x75\x73\x65\x72\0\x73\
\x61\x6d\x70\x6c\x65\x5f\x72\x65\x67\x73\x5f\x69\x6e\x74\x72\0\x61\x75\x78\x5f\
\x77\x61\x74\x65\x72\x6d\x61\x72\x6b\0\x73\x61\x6d\x70\x6c\x65\x5f\x6d\x61\x78\
\x5f\x73\x74\x61\x63\x6b\0\x5f\x5f\x72\x65\x73\x65\x72\x76\x65\x64\x5f\x32\0\
\x61\x75\x78\x5f\x73\x61\x6d\x70\x6c\x65\x5f\x73\x69\x7a\x65\0\x5f\x5f\x72\x65\
\x73\x65\x72\x76\x65\x64\x5f\x33\0\x73\x69\x67\x5f\x64\x61\x74\x61\0\x63\x6f\
\x6e\x66\x69\x67\x33\0\x73\x61\x6d\x70\x6c\x65\x5f\x70\x65\x72\x69\x6f\x64\0\
\x73\x61\x6d\x70\x6c\x65\x5f\x66\x72\x65\x71\0\x77\x61\x6b\x65\x75\x70\x5f\x65\
\x76\x65\x6e\x74\x73\0\x77\x61\x6b\x65\x75\x70\x5f\x77\x61\x74\x65\x72\x6d\x61\
\x72\x6b\0\x62\x70\x5f\x61\x64\x64\x72\0\x6b\x70\x72\x6f\x62\x65\x5f\x66\x75\
\x6e\x63\0\x75\x70\x72\x6f\x62\x65\x5f\x70\x61\x74\x68\0\x63\x6f\x6e\x66\x69\
\x67\x31\0\x62\x70\x5f\x6c\x65\x6e\0\x6b\x70\x72\x6f\x62\x65\x5f\x61\x64\x64\
\x72\0\x70\x72\x6f\x62\x65\x5f\x6f\x66\x66\x73\x65\x74\0\x63\x6f\x6e\x66\x69\
\x67\x32\0\x5f\x5f\x73\x33\x32\0\x68\x77\x5f\x70\x65\x72\x66\x5f\x65\x76\x65\
\x6e\x74\0\x74\x61\x72\x67\x65\x74\0\x70\x72\x65\x76\x5f\x63\x6f\x75\x6e\x74\0\
\x69\x6e\x74\x65\x72\x72\x75\x70\x74\x73\x5f\x73\x65\x71\0\x69\x6e\x74\x65\x72\
\x72\x75\x70\x74\x73\0\x66\x72\x65\x71\x5f\x74\x69\x6d\x65\x5f\x73\x74\x61\x6d\
\x70\0\x66\x72\x65\x71\x5f\x63\x6f\x75\x6e\x74\x5f\x73\x74\x61\x6d\x70\0\x6c\
\x61\x73\x74\x5f\x74\x61\x67\0\x63\x6f\x6e\x66\x69\x67\x5f\x62\x61\x73\x65\0\
\x65\x76\x65\x6e\x74\x5f\x62\x61\x73\x65\0\x65\x76\x65\x6e\x74\x5f\x62\x61\x73\
\x65\x5f\x72\x64\x70\x6d\x63\0\x69\x64\x78\0\x6c\x61\x73\x74\x5f\x63\x70\x75\0\
\x65\x78\x74\x72\x61\x5f\x72\x65\x67\0\x62\x72\x61\x6e\x63\x68\x5f\x72\x65\x67\
\0\x68\x77\x5f\x70\x65\x72\x66\x5f\x65\x76\x65\x6e\x74\x5f\x65\x78\x74\x72\x61\
\0\x72\x65\x67\0\x61\x6c\x6c\x6f\x63\0\x74\x70\x5f\x6c\x69\x73\x74\0\x70\x77\
\x72\x5f\x61\x63\x63\0\x70\x74\x73\x63\0\x69\x6e\x66\x6f\0\x62\x70\x5f\x6c\x69\
\x73\x74\0\x61\x72\x63\x68\x5f\x68\x77\x5f\x62\x72\x65\x61\x6b\x70\x6f\x69\x6e\
\x74\0\x61\x64\x64\x72\x65\x73\x73\0\x6d\x61\x73\x6b\0\x72\x68\x6c\x69\x73\x74\
\x5f\x68\x65\x61\x64\0\x72\x68\x65\x61\x64\0\x72\x68\x61\x73\x68\x5f\x68\x65\
\x61\x64\0\x69\x6f\x6d\x6d\x75\x5f\x62\x61\x6e\x6b\0\x69\x6f\x6d\x6d\x75\x5f\
\x63\x6e\x74\x72\0\x70\x61\x64\x64\x69\x6e\x67\0\x63\x6f\x6e\x66\0\x63\x6f\x6e\
\x66\x31\0\x6c\x61\x73\x74\x5f\x70\x65\x72\x69\x6f\x64\0\x70\x65\x72\x69\x6f\
\x64\x5f\x6c\x65\x66\x74\0\x73\x61\x76\x65\x64\x5f\x6d\x65\x74\x72\x69\x63\0\
\x73\x61\x76\x65\x64\x5f\x73\x6c\x6f\x74\x73\0\x77\x61\x69\x74\x5f\x71\x75\x65\
\x75\x65\x5f\x68\x65\x61\x64\x5f\x74\0\x77\x61\x69\x74\x5f\x71\x75\x65\x75\x65\
\x5f\x68\x65\x61\x64\0\x68\x65\x61\x64\0\x69\x72\x71\x5f\x77\x6f\x72\x6b\0\x69\
\x72\x71\x77\x61\x69\x74\0\x72\x63\x75\x77\x61\x69\x74\0\x70\x65\x72\x66\x5f\
\x61\x64\x64\x72\x5f\x66\x69\x6c\x74\x65\x72\x73\x5f\x68\x65\x61\x64\0\x6e\x72\
\x5f\x66\x69\x6c\x65\x5f\x66\x69\x6c\x74\x65\x72\x73\0\x70\x65\x72\x66\x5f\x6f\
\x76\x65\x72\x66\x6c\x6f\x77\x5f\x68\x61\x6e\x64\x6c\x65\x72\x5f\x74\0\x70\x65\
\x72\x66\x5f\x73\x61\x6d\x70\x6c\x65\x5f\x64\x61\x74\x61\0\x73\x61\x6d\x70\x6c\
\x65\x5f\x66\x6c\x61\x67\x73\0\x70\x65\x72\x69\x6f\x64\0\x64\x79\x6e\x5f\x73\
\x69\x7a\x65\0\x74\x69\x64\x5f\x65\x6e\x74\x72\x79\0\x63\x70\x75\x5f\x65\x6e\
\x74\x72\x79\0\x63\x61\x6c\x6c\x63\x68\x61\x69\x6e\0\x72\x61\x77\0\x62\x72\x5f\
\x73\x74\x61\x63\x6b\0\x62\x72\x5f\x73\x74\x61\x63\x6b\x5f\x63\x6e\x74\x72\0\
\x64\x61\x74\x61\x5f\x73\x72\x63\0\x74\x78\x6e\0\x72\x65\x67\x73\x5f\x75\x73\
\x65\x72\0\x72\x65\x67\x73\x5f\x69\x6e\x74\x72\0\x73\x74\x61\x63\x6b\x5f\x75\
\x73\x65\x72\x5f\x73\x69\x7a\x65\0\x73\x74\x72\x65\x61\x6d\x5f\x69\x64\0\x61\
\x64\x64\x72\0\x70\x68\x79\x73\x5f\x61\x64\x64\x72\0\x64\x61\x74\x61\x5f\x70\
\x61\x67\x65\x5f\x73\x69\x7a\x65\0\x63\x6f\x64\x65\x5f\x70\x61\x67\x65\x5f\x73\
\x69\x7a\x65\0\x61\x75\x78\x5f\x73\x69\x7a\x65\0\x74\x69\x64\0\x72\x65\x73\x65\
\x72\x76\x65\x64\0\x70\x65\x72\x66\x5f\x73\x61\x6d\x70\x6c\x65\x5f\x77\x65\x69\
\x67\x68\x74\0\x66\x75\x6c\x6c\0\x76\x61\x72\x31\x5f\x64\x77\0\x76\x61\x72\x32\
\x5f\x77\0\x76\x61\x72\x33\x5f\x77\0\x70\x65\x72\x66\x5f\x6d\x65\x6d\x5f\x64\
\x61\x74\x61\x5f\x73\x72\x63\0\x6d\x65\x6d\x5f\x6f\x70\0\x6d\x65\x6d\x5f\x6c\
\x76\x6c\0\x6d\x65\x6d\x5f\x73\x6e\x6f\x6f\x70\0\x6d\x65\x6d\x5f\x6c\x6f\x63\
\x6b\0\x6d\x65\x6d\x5f\x64\x74\x6c\x62\0\x6d\x65\x6d\x5f\x6c\x76\x6c\x5f\x6e\
\x75\x6d\0\x6d\x65\x6d\x5f\x72\x65\x6d\x6f\x74\x65\0\x6d\x65\x6d\x5f\x73\x6e\
\x6f\x6f\x70\x78\0\x6d\x65\x6d\x5f\x62\x6c\x6b\0\x6d\x65\x6d\x5f\x68\x6f\x70\
\x73\0\x6d\x65\x6d\x5f\x72\x73\x76\x64\0\x70\x65\x72\x66\x5f\x72\x65\x67\x73\0\
\x61\x62\x69\0\x72\x65\x67\x73\0\x70\x72\x69\x76\x61\x74\x65\0\x73\x61\x76\x65\
\x64\x5f\x66\x75\x6e\x63\0\x6c\x6f\x63\x61\x6c\x5f\x68\x61\x73\x68\0\x66\x75\
\x6e\x63\x5f\x68\x61\x73\x68\0\x6f\x6c\x64\x5f\x68\x61\x73\x68\0\x74\x72\x61\
\x6d\x70\x6f\x6c\x69\x6e\x65\0\x74\x72\x61\x6d\x70\x6f\x6c\x69\x6e\x65\x5f\x73\
\x69\x7a\x65\0\x6f\x70\x73\x5f\x66\x75\x6e\x63\0\x64\x69\x72\x65\x63\x74\x5f\
\x63\x61\x6c\x6c\0\x66\x74\x72\x61\x63\x65\x5f\x66\x75\x6e\x63\x5f\x74\0\x66\
\x74\x72\x61\x63\x65\x5f\x72\x65\x67\x73\0\x66\x74\x72\x61\x63\x65\x5f\x6f\x70\
\x73\x5f\x68\x61\x73\x68\0\x6e\x6f\x74\x72\x61\x63\x65\x5f\x68\x61\x73\x68\0\
\x66\x69\x6c\x74\x65\x72\x5f\x68\x61\x73\x68\0\x72\x65\x67\x65\x78\x5f\x6c\x6f\
\x63\x6b\0\x66\x74\x72\x61\x63\x65\x5f\x6f\x70\x73\x5f\x66\x75\x6e\x63\x5f\x74\
\0\x66\x74\x72\x61\x63\x65\x5f\x6f\x70\x73\x5f\x63\x6d\x64\0\x46\x54\x52\x41\
\x43\x45\x5f\x4f\x50\x53\x5f\x43\x4d\x44\x5f\x45\x4e\x41\x42\x4c\x45\x5f\x53\
\x48\x41\x52\x45\x5f\x49\x50\x4d\x4f\x44\x49\x46\x59\x5f\x53\x45\x4c\x46\0\x46\
\x54\x52\x41\x43\x45\x5f\x4f\x50\x53\x5f\x43\x4d\x44\x5f\x45\x4e\x41\x42\x4c\
\x45\x5f\x53\x48\x41\x52\x45\x5f\x49\x50\x4d\x4f\x44\x49\x46\x59\x5f\x50\x45\
\x45\x52\0\x46\x54\x52\x41\x43\x45\x5f\x4f\x50\x53\x5f\x43\x4d\x44\x5f\x44\x49\
\x53\x41\x42\x4c\x45\x5f\x53\x48\x41\x52\x45\x5f\x49\x50\x4d\x4f\x44\x49\x46\
\x59\x5f\x50\x45\x45\x52\0\x74\x68\x72\x65\x61\x64\x5f\x73\x68\x73\x74\x6b\0\
\x61\x76\x78\x35\x31\x32\x5f\x74\x69\x6d\x65\x73\x74\x61\x6d\x70\0\x66\x70\x73\
\x74\x61\x74\x65\0\x5f\x5f\x74\x61\x73\x6b\x5f\x66\x70\x73\x74\x61\x74\x65\0\
\x70\x65\x72\x6d\0\x67\x75\x65\x73\x74\x5f\x70\x65\x72\x6d\0\x5f\x5f\x66\x70\
\x73\x74\x61\x74\x65\0\x66\x70\x75\x5f\x73\x74\x61\x74\x65\x5f\x70\x65\x72\x6d\
\0\x5f\x5f\x73\x74\x61\x74\x65\x5f\x70\x65\x72\x6d\0\x5f\x5f\x73\x74\x61\x74\
\x65\x5f\x73\x69\x7a\x65\0\x5f\x5f\x75\x73\x65\x72\x5f\x73\x74\x61\x74\x65\x5f\
\x73\x69\x7a\x65\0\x75\x73\x65\x72\x5f\x73\x69\x7a\x65\0\x78\x66\x65\x61\x74\
\x75\x72\x65\x73\0\x75\x73\x65\x72\x5f\x78\x66\x65\x61\x74\x75\x72\x65\x73\0\
\x78\x66\x64\0\x69\x73\x5f\x76\x61\x6c\x6c\x6f\x63\0\x69\x73\x5f\x67\x75\x65\
\x73\x74\0\x69\x73\x5f\x63\x6f\x6e\x66\x69\x64\x65\x6e\x74\x69\x61\x6c\0\x69\
\x6e\x5f\x75\x73\x65\0\x66\x70\x72\x65\x67\x73\x5f\x73\x74\x61\x74\x65\0\x66\
\x73\x61\x76\x65\0\x66\x78\x73\x61\x76\x65\0\x73\x6f\x66\x74\0\x78\x73\x61\x76\
\x65\0\x5f\x5f\x70\x61\x64\x64\x69\x6e\x67\0\x66\x72\x65\x67\x73\x5f\x73\x74\
\x61\x74\x65\0\x63\x77\x64\0\x73\x77\x64\0\x74\x77\x64\0\x66\x69\x70\0\x66\x63\
\x73\0\x66\x6f\x6f\0\x66\x6f\x73\0\x73\x74\x5f\x73\x70\x61\x63\x65\0\x66\x78\
\x72\x65\x67\x73\x5f\x73\x74\x61\x74\x65\0\x66\x6f\x70\0\x6d\x78\x63\x73\x72\0\
\x6d\x78\x63\x73\x72\x5f\x6d\x61\x73\x6b\0\x78\x6d\x6d\x5f\x73\x70\x61\x63\x65\
\0\x72\x69\x70\0\x72\x64\x70\0\x70\x61\x64\x64\x69\x6e\x67\x31\0\x73\x77\x5f\
\x72\x65\x73\x65\x72\x76\x65\x64\0\x73\x77\x72\x65\x67\x73\x5f\x73\x74\x61\x74\
\x65\0\x66\x74\x6f\x70\0\x63\x68\x61\x6e\x67\x65\x64\0\x6c\x6f\x6f\x6b\x61\x68\
\x65\x61\x64\0\x6e\x6f\x5f\x75\x70\x64\x61\x74\x65\0\x72\x6d\0\x61\x6c\x69\x6d\
\x69\x74\0\x65\x6e\x74\x72\x79\x5f\x65\x69\x70\0\x78\x72\x65\x67\x73\x5f\x73\
\x74\x61\x74\x65\0\x69\x33\x38\x37\0\x68\x65\x61\x64\x65\x72\0\x65\x78\x74\x65\
\x6e\x64\x65\x64\x5f\x73\x74\x61\x74\x65\x5f\x61\x72\x65\x61\0\x78\x73\x74\x61\
\x74\x65\x5f\x68\x65\x61\x64\x65\x72\0\x78\x63\x6f\x6d\x70\x5f\x62\x76\0\x30\
\x3a\x39\x31\0\x20\x20\x20\x20\x70\x69\x64\x5f\x74\x20\x70\x69\x64\x20\x3d\x20\
\x42\x50\x46\x5f\x43\x4f\x52\x45\x5f\x52\x45\x41\x44\x28\x74\x61\x73\x6b\x2c\
\x20\x70\x69\x64\x29\x3b\0\x20\x20\x20\x20\x62\x70\x66\x5f\x70\x72\x69\x6e\x74\
\x6b\x28\x22\x25\x73\x20\x50\x49\x44\x3a\x20\x25\x64\x5c\x6e\x22\x2c\x20\x6d\
\x73\x67\x2c\x20\x70\x69\x64\x29\x3b\0\x20\x20\x20\x20\x72\x65\x74\x75\x72\x6e\
\x20\x30\x3b\0\x4c\x49\x43\x45\x4e\x53\x45\0\x62\x70\x66\x5f\x70\x72\x6f\x67\
\x5f\x68\x65\x6c\x6c\x6f\x5f\x77\x6f\x72\x6c\x64\x2e\x5f\x5f\x5f\x5f\x66\x6d\
\x74\0\x2e\x72\x6f\x64\x61\x74\x61\0\x6c\x69\x63\x65\x6e\x73\x65\0\x73\x65\x6d\
\x5f\x75\x6e\x64\x6f\x5f\x6c\x69\x73\x74\0\x66\x69\x6c\x65\x73\x5f\x73\x74\x72\
\x75\x63\x74\0\x69\x6f\x5f\x75\x72\x69\x6e\x67\x5f\x74\x61\x73\x6b\0\x62\x6c\
\x6b\x5f\x70\x6c\x75\x67\0\x73\x69\x67\x68\x61\x6e\x64\x5f\x73\x74\x72\x75\x63\
\x74\0\x73\x65\x63\x63\x6f\x6d\x70\x5f\x66\x69\x6c\x74\x65\x72\0\x72\x74\x5f\
\x6d\x75\x74\x65\x78\x5f\x77\x61\x69\x74\x65\x72\0\x72\x6f\x62\x75\x73\x74\x5f\
\x6c\x69\x73\x74\x5f\x68\x65\x61\x64\0\x63\x6f\x6d\x70\x61\x74\x5f\x72\x6f\x62\
\x75\x73\x74\x5f\x6c\x69\x73\x74\x5f\x68\x65\x61\x64\0\x66\x75\x74\x65\x78\x5f\
\x70\x69\x5f\x73\x74\x61\x74\x65\0\x74\x61\x73\x6b\x5f\x64\x65\x6c\x61\x79\x5f\
\x69\x6e\x66\x6f\0\x66\x74\x72\x61\x63\x65\x5f\x72\x65\x74\x5f\x73\x74\x61\x63\
\x6b\0\x75\x70\x72\x6f\x62\x65\x5f\x74\x61\x73\x6b\0\x76\x6d\x5f\x73\x74\x72\
\x75\x63\x74\0\x62\x70\x66\x5f\x72\x75\x6e\x5f\x63\x74\x78\0\x6d\x61\x74\x68\
\x5f\x65\x6d\x75\x5f\x69\x6e\x66\x6f\0\x61\x64\x64\x72\x65\x73\x73\x5f\x73\x70\
\x61\x63\x65\0\x6d\x6d\x5f\x73\x74\x72\x75\x63\x74\0\x70\x69\x64\x5f\x6e\x61\
\x6d\x65\x73\x70\x61\x63\x65\0\x75\x73\x65\x72\x5f\x6e\x61\x6d\x65\x73\x70\x61\
\x63\x65\0\x74\x72\x61\x63\x65\x5f\x65\x76\x65\x6e\x74\x5f\x63\x61\x6c\x6c\0\
\x63\x6f\x6d\x70\x6c\x65\x74\x69\x6f\x6e\0\x75\x73\x65\x72\x5f\x73\x74\x72\x75\
\x63\x74\0\x65\x76\x65\x6e\x74\x5f\x66\x69\x6c\x74\x65\x72\0\x67\x65\x6e\x64\
\x69\x73\x6b\0\x62\x70\x66\x5f\x70\x72\x6f\x67\0\x66\x74\x72\x61\x63\x65\x5f\
\x68\x61\x73\x68\0\x6f\x62\x6a\x5f\x63\x67\x72\x6f\x75\x70\0\x6d\x65\x6d\x5f\
\x63\x67\x72\x6f\x75\x70\0\x62\x70\x66\x5f\x6c\x6f\x63\x61\x6c\x5f\x73\x74\x6f\
\x72\x61\x67\x65\0\x70\x69\x70\x65\x5f\x69\x6e\x6f\x64\x65\x5f\x69\x6e\x66\x6f\
\0\x66\x61\x73\x79\x6e\x63\x5f\x73\x74\x72\x75\x63\x74\0\x68\x72\x74\x69\x6d\
\x65\x72\x5f\x63\x6c\x6f\x63\x6b\x5f\x62\x61\x73\x65\0\x6b\x65\x79\0\x63\x73\
\x73\x5f\x73\x65\x74\0\x70\x65\x72\x66\x5f\x65\x76\x65\x6e\x74\x5f\x70\x6d\x75\
\x5f\x63\x6f\x6e\x74\x65\x78\x74\0\x70\x65\x72\x66\x5f\x65\x76\x65\x6e\x74\x5f\
\x63\x6f\x6e\x74\x65\x78\x74\0\x70\x65\x72\x66\x5f\x62\x75\x66\x66\x65\x72\0\
\x70\x65\x72\x66\x5f\x61\x64\x64\x72\x5f\x66\x69\x6c\x74\x65\x72\x5f\x72\x61\
\x6e\x67\x65\0\x70\x65\x72\x66\x5f\x63\x61\x6c\x6c\x63\x68\x61\x69\x6e\x5f\x65\
\x6e\x74\x72\x79\0\x70\x65\x72\x66\x5f\x72\x61\x77\x5f\x72\x65\x63\x6f\x72\x64\
\0\x70\x65\x72\x66\x5f\x62\x72\x61\x6e\x63\x68\x5f\x73\x74\x61\x63\x6b\0\x70\
\x65\x72\x66\x5f\x63\x67\x72\x6f\x75\x70\0\x66\x73\x5f\x73\x74\x72\x75\x63\x74\
\0\x6b\x65\x72\x6e\x65\x6c\x5f\x73\x69\x67\x69\x6e\x66\x6f\0\x74\x61\x73\x6b\
\x5f\x67\x72\x6f\x75\x70\0\x72\x63\x75\x5f\x6e\x6f\x64\x65\0\x73\x69\x67\x6e\
\x61\x6c\x5f\x73\x74\x72\x75\x63\x74\0\x5f\x5f\x6b\x65\x72\x6e\x65\x6c\x5f\x74\
\x69\x6d\x65\x73\x70\x65\x63\0\x6f\x6c\x64\x5f\x74\x69\x6d\x65\x73\x70\x65\x63\
\x33\x32\0\x70\x6f\x6c\x6c\x66\x64\0\0\0\0\x9f\xeb\x01\0\x20\0\0\0\0\0\0\0\x14\
\0\0\0\x14\0\0\0\x7c\0\0\0\x90\0\0\0\x1c\0\0\0\x08\0\0\0\x0c\x01\0\0\x01\0\0\0\
\0\0\0\0\x10\0\0\0\x10\0\0\0\x0c\x01\0\0\x07\0\0\0\0\0\0\0\x1e\x01\0\0\x59\x01\
\0\0\0\x28\0\0\x08\0\0\0\x1e\x01\0\0\x89\x01\0\0\x0a\x2c\0\0\x58\0\0\0\x1e\x01\
\0\0\xb8\x01\0\0\x35\x38\0\0\x80\0\0\0\x1e\x01\0\0\x3a\x2b\0\0\x11\x3c\0\0\x98\
\0\0\0\x1e\x01\0\0\x3a\x2b\0\0\x11\x3c\0\0\xb0\0\0\0\x1e\x01\0\0\x64\x2b\0\0\
\x05\x48\0\0\xd0\0\0\0\x1e\x01\0\0\x8e\x2b\0\0\x05\x4c\0\0\x10\0\0\0\x0c\x01\0\
\0\x01\0\0\0\x60\0\0\0\x11\0\0\0\x35\x2b\0\0\0\0\0\0\0\0\0\0\0\0\0\0\0\0\0\0\0\
\0\0\0\0\0\0\0\0\0\0\0\0\0\0\0\0\0\0\0\x03\0\x03\0\0\0\0\0\0\0\0\0\0\0\0\0\0\0\
\0\0\x14\0\0\0\x01\0\x07\0\0\0\0\0\0\0\0\0\x0c\0\0\0\0\0\0\0\0\0\0\0\x03\0\x07\
\0\0\0\0\0\0\0\0\0\0\0\0\0\0\0\0\0\x5d\0\0\0\x12\0\x03\0\0\0\0\0\0\0\0\0\xe0\0\
\0\0\0\0\0\0\x93\0\0\0\x11\0\x05\0\0\0\0\0\0\0\0\0\x0d\0\0\0\0\0\0\0\xb0\0\0\0\
\0\0\0\0\x01\0\0\0\x03\0\0\0\x54\x41\0\0\0\0\0\0\x03\0\0\0\x03\0\0\0\x6c\x41\0\
\0\0\0\0\0\x04\0\0\0\x05\0\0\0\x2c\0\0\0\0\0\0\0\x04\0\0\0\x01\0\0\0\x40\0\0\0\
\0\0\0\0\x04\0\0\0\x01\0\0\0\x50\0\0\0\0\0\0\0\x04\0\0\0\x01\0\0\0\x60\0\0\0\0\
\0\0\0\x04\0\0\0\x01\0\0\0\x70\0\0\0\0\0\0\0\x04\0\0\0\x01\0\0\0\x80\0\0\0\0\0\
\0\0\x04\0\0\0\x01\0\0\0\x90\0\0\0\0\0\0\0\x04\0\0\0\x01\0\0\0\xa0\0\0\0\0\0\0\
\0\x04\0\0\0\x01\0\0\0\xbc\0\0\0\0\0\0\0\x04\0\0\0\x01\0\0\0\x0d\x0e\x03\0\x2e\
\x74\x65\x78\x74\0\x2e\x72\x65\x6c\x2e\x42\x54\x46\x2e\x65\x78\x74\0\x62\x70\
\x66\x5f\x70\x72\x6f\x67\x5f\x68\x65\x6c\x6c\x6f\x5f\x77\x6f\x72\x6c\x64\x2e\
\x5f\x5f\x5f\x5f\x66\x6d\x74\0\x2e\x6c\x6c\x76\x6d\x5f\x61\x64\x64\x72\x73\x69\
\x67\0\x2e\x72\x65\x6c\x6b\x70\x72\x6f\x62\x65\x2f\x73\x79\x73\x5f\x65\x78\x65\
\x63\x76\x65\0\x6c\x69\x63\x65\x6e\x73\x65\0\x62\x70\x66\x5f\x70\x72\x6f\x67\
\x5f\x68\x65\x6c\x6c\x6f\x5f\x77\x6f\x72\x6c\x64\0\x2e\x73\x74\x72\x74\x61\x62\
\0\x2e\x73\x79\x6d\x74\x61\x62\0\x2e\x72\x6f\x64\x61\x74\x61\0\x2e\x72\x65\x6c\
\x2e\x42\x54\x46\0\x4c\x49\x43\x45\x4e\x53\x45\0\x2e\x72\x6f\x64\x61\x74\x61\
\x2e\x73\x74\x72\x31\x2e\x31\0\0\0\0\0\0\0\0\0\0\0\0\0\0\0\0\0\0\0\0\0\0\0\0\0\
\0\0\0\0\0\0\0\0\0\0\0\0\0\0\0\0\0\0\0\0\0\0\0\0\0\0\0\0\0\0\0\0\0\0\0\0\0\0\0\
\0\0\0\0\x72\0\0\0\x03\0\0\0\0\0\0\0\0\0\0\0\0\0\0\0\0\0\0\0\xdb\x76\0\0\0\0\0\
\0\xaa\0\0\0\0\0\0\0\0\0\0\0\0\0\0\0\x01\0\0\0\0\0\0\0\0\0\0\0\0\0\0\0\x01\0\0\
\0\x01\0\0\0\x06\0\0\0\0\0\0\0\0\0\0\0\0\0\0\0\x40\0\0\0\0\0\0\0\0\0\0\0\0\0\0\
\0\0\0\0\0\0\0\0\0\x04\0\0\0\0\0\0\0\0\0\0\0\0\0\0\0\x43\0\0\0\x01\0\0\0\x06\0\
\0\0\0\0\0\0\0\0\0\0\0\0\0\0\x40\0\0\0\0\0\0\0\xe0\0\0\0\0\0\0\0\0\0\0\0\0\0\0\
\0\x08\0\0\0\0\0\0\0\0\0\0\0\0\0\0\0\x3f\0\0\0\x09\0\0\0\x40\0\0\0\0\0\0\0\0\0\
\0\0\0\0\0\0\x18\x76\0\0\0\0\0\0\x10\0\0\0\0\0\0\0\x0d\0\0\0\x03\0\0\0\x08\0\0\
\0\0\0\0\0\x10\0\0\0\0\0\0\0\x55\0\0\0\x01\0\0\0\x03\0\0\0\0\0\0\0\0\0\0\0\0\0\
\0\0\x20\x01\0\0\0\0\0\0\x0d\0\0\0\0\0\0\0\0\0\0\0\0\0\0\0\x01\0\0\0\0\0\0\0\0\
\0\0\0\0\0\0\0\x9b\0\0\0\x01\0\0\0\x32\0\0\0\0\0\0\0\0\0\0\0\0\0\0\0\x2d\x01\0\
\0\0\0\0\0\x1a\0\0\0\0\0\0\0\0\0\0\0\0\0\0\0\x01\0\0\0\0\0\0\0\x01\0\0\0\0\0\0\
\0\x82\0\0\0\x01\0\0\0\x02\0\0\0\0\0\0\0\0\0\0\0\0\0\0\0\x47\x01\0\0\0\0\0\0\
\x0c\0\0\0\0\0\0\0\0\0\0\0\0\0\0\0\x01\0\0\0\0\0\0\0\0\0\0\0\0\0\0\0\x8e\0\0\0\
\x01\0\0\0\0\0\0\0\0\0\0\0\0\0\0\0\0\0\0\0\x54\x01\0\0\0\0\0\0\x61\x73\0\0\0\0\
\0\0\0\0\0\0\0\0\0\0\x04\0\0\0\0\0\0\0\0\0\0\0\0\0\0\0\x8a\0\0\0\x09\0\0\0\x40\
\0\0\0\0\0\0\0\0\0\0\0\0\0\0\0\x28\x76\0\0\0\0\0\0\x20\0\0\0\0\0\0\0\x0d\0\0\0\
\x08\0\0\0\x08\0\0\0\0\0\0\0\x10\0\0\0\0\0\0\0\x0b\0\0\0\x01\0\0\0\0\0\0\0\0\0\
\0\0\0\0\0\0\0\0\0\0\xb8\x74\0\0\0\0\0\0\xcc\0\0\0\0\0\0\0\0\0\0\0\0\0\0\0\x04\
\0\0\0\0\0\0\0\0\0\0\0\0\0\0\0\x07\0\0\0\x09\0\0\0\x40\0\0\0\0\0\0\0\0\0\0\0\0\
\0\0\0\x48\x76\0\0\0\0\0\0\x90\0\0\0\0\0\0\0\x0d\0\0\0\x0a\0\0\0\x08\0\0\0\0\0\
\0\0\x10\0\0\0\0\0\0\0\x31\0\0\0\x03\x4c\xff\x6f\0\0\0\x80\0\0\0\0\0\0\0\0\0\0\
\0\0\xd8\x76\0\0\0\0\0\0\x03\0\0\0\0\0\0\0\0\0\0\0\0\0\0\0\x01\0\0\0\0\0\0\0\0\
\0\0\0\0\0\0\0\x7a\0\0\0\x02\0\0\0\0\0\0\0\0\0\0\0\0\0\0\0\0\0\0\0\x88\x75\0\0\
\0\0\0\0\x90\0\0\0\0\0\0\0\x01\0\0\0\x04\0\0\0\x08\0\0\0\0\0\0\0\x18\0\0\0\0\0\
\0\0";

	*sz = sizeof(data) - 1;
	return (const void *)data;
}

#ifdef __cplusplus
struct hello_world_bpf *hello_world_bpf::open(const struct bpf_object_open_opts *opts) { return hello_world_bpf__open_opts(opts); }
struct hello_world_bpf *hello_world_bpf::open_and_load() { return hello_world_bpf__open_and_load(); }
int hello_world_bpf::load(struct hello_world_bpf *skel) { return hello_world_bpf__load(skel); }
int hello_world_bpf::attach(struct hello_world_bpf *skel) { return hello_world_bpf__attach(skel); }
void hello_world_bpf::detach(struct hello_world_bpf *skel) { hello_world_bpf__detach(skel); }
void hello_world_bpf::destroy(struct hello_world_bpf *skel) { hello_world_bpf__destroy(skel); }
const void *hello_world_bpf::elf_bytes(size_t *sz) { return hello_world_bpf__elf_bytes(sz); }
#endif /* __cplusplus */

__attribute__((unused)) static void
hello_world_bpf__assert(struct hello_world_bpf *s __attribute__((unused)))
{
#ifdef __cplusplus
#define _Static_assert static_assert
#endif
#ifdef __cplusplus
#undef _Static_assert
#endif
}

#endif /* __HELLO_WORLD_BPF_SKEL_H__ */
